Serial Number,State,crime_BURGLA_sum_pred,crime_BURGLA_avg_pred,combined_pred
1,AL,True,True,1.0
2,AL,True,True,1.0
3,AL,False,False,0.0
4,AL,True,True,1.0
5,AL,True,True,1.0
6,AL,True,True,1.0
7,AL,False,False,0.0
8,AL,True,True,1.0
9,AL,True,True,1.0
10,AL,False,False,0.0
11,AL,False,False,0.0
12,AL,True,True,1.0
13,AL,True,True,1.0
14,AL,True,True,1.0
15,AL,False,False,0.0
16,AL,False,False,0.0
17,AL,False,False,0.0
18,AL,False,False,0.0
19,AL,False,False,0.0
20,AL,False,False,0.0
21,AL,False,False,0.0
22,AL,False,False,0.0
23,AL,False,False,0.0
24,AL,False,False,0.0
25,AL,False,False,0.0
26,AL,True,True,1.0
27,AL,False,False,0.0
28,AL,False,False,0.0
29,AL,True,True,1.0
30,AL,False,False,0.0
31,AL,True,True,1.0
32,AL,False,False,0.0
33,AL,False,False,0.0
34,AL,False,False,0.0
35,AL,False,False,0.0
36,AL,False,False,0.0
37,AL,False,False,0.0
38,AL,False,False,0.0
39,AL,False,False,0.0
40,AL,False,False,0.0
41,AL,True,True,1.0
42,AL,False,False,0.0
43,AL,False,False,0.0
44,AL,False,False,0.0
45,AL,True,True,1.0
46,AL,False,False,0.0
47,AL,False,False,0.0
48,AL,False,False,0.0
49,AL,True,True,1.0
50,AL,False,False,0.0
51,AL,False,False,0.0
52,AL,False,False,0.0
53,AL,False,False,0.0
54,AL,False,False,0.0
55,AL,False,False,0.0
56,AL,False,False,0.0
57,AL,False,False,0.0
58,AL,True,True,1.0
59,AL,True,True,1.0
60,AL,False,False,0.0
61,AL,False,False,0.0
62,AL,False,False,0.0
63,AL,False,False,0.0
64,AL,False,False,0.0
65,AL,False,False,0.0
66,AL,False,False,0.0
67,AL,True,True,1.0
68,AL,True,True,1.0
69,AL,False,False,0.0
70,AL,False,False,0.0
71,AL,False,False,0.0
72,AL,False,False,0.0
73,AL,True,True,1.0
74,AL,False,False,0.0
75,AL,False,False,0.0
76,AL,True,True,1.0
77,AL,False,False,0.0
78,AL,True,True,1.0
79,AL,True,True,1.0
80,AL,False,False,0.0
81,AL,True,True,1.0
82,AL,False,False,0.0
83,AL,False,False,0.0
84,AL,False,False,0.0
85,AL,False,False,0.0
86,AL,False,False,0.0
87,AL,True,True,1.0
88,AL,False,False,0.0
89,AL,False,False,0.0
90,AL,False,False,0.0
91,AL,False,False,0.0
92,AL,True,True,1.0
93,AL,False,False,0.0
94,AL,True,True,1.0
95,AL,True,True,1.0
96,AL,True,True,1.0
97,AL,True,True,1.0
98,AL,True,True,1.0
99,AL,True,True,1.0
100,AL,False,False,0.0
101,AL,False,False,0.0
102,AL,False,False,0.0
103,GA,False,False,0.0
104,FL,False,False,0.0
105,GA,False,False,0.0
106,FL,False,False,0.0
107,AL,True,True,1.0
108,AL,True,True,1.0
109,AL,False,False,0.0
110,AL,False,False,0.0
111,AL,False,False,0.0
112,AL,False,False,0.0
113,AK,True,True,1.0
114,AK,False,False,0.0
115,AK,False,False,0.0
116,AK,False,False,0.0
117,AK,False,False,0.0
118,AK,False,False,0.0
119,AK,False,False,0.0
120,AK,False,False,0.0
121,AK,True,True,1.0
122,AK,True,True,1.0
123,AK,False,False,0.0
124,AK,False,False,0.0
125,AK,False,False,0.0
126,AK,False,False,0.0
127,AK,False,False,0.0
128,AK,False,False,0.0
129,AK,True,True,1.0
130,AK,False,False,0.0
131,AK,False,False,0.0
132,AK,False,False,0.0
133,AK,False,False,0.0
134,AK,False,False,0.0
135,AK,False,False,0.0
136,AK,False,False,0.0
137,AK,False,False,0.0
138,AK,False,False,0.0
139,WA,False,False,0.0
140,CA,True,True,1.0
141,WA,False,False,0.0
142,WA,False,False,0.0
143,WA,False,False,0.0
144,WA,False,False,0.0
145,CA,False,False,0.0
146,CA,True,True,1.0
147,WA,False,False,0.0
148,MT,False,False,0.0
149,MT,False,False,0.0
150,NM,False,False,0.0
151,AK,False,False,0.0
152,AZ,False,False,0.0
153,AZ,False,False,0.0
154,AZ,False,False,0.0
155,AZ,False,False,0.0
156,AZ,False,False,0.0
157,AZ,False,False,0.0
158,AZ,False,False,0.0
159,AZ,False,False,0.0
160,AZ,True,True,1.0
161,AZ,False,False,0.0
162,DC,False,False,0.0
163,CA,False,False,0.0
164,AZ,False,False,0.0
165,AZ,False,False,0.0
166,AZ,True,True,1.0
167,AZ,True,True,1.0
168,AZ,False,False,0.0
169,AZ,True,True,1.0
170,AZ,False,False,0.0
171,AZ,False,False,0.0
172,AZ,False,False,0.0
173,AZ,True,True,1.0
174,AZ,True,True,1.0
175,AZ,False,False,0.0
176,AZ,True,True,1.0
177,AZ,True,True,1.0
178,AZ,False,False,0.0
179,AZ,False,False,0.0
180,AZ,False,False,0.0
181,AZ,False,False,0.0
182,AZ,False,False,0.0
183,AZ,False,False,0.0
184,AZ,True,True,1.0
185,AZ,False,False,0.0
186,AZ,False,False,0.0
187,AZ,True,True,1.0
188,AZ,False,False,0.0
189,AZ,False,False,0.0
190,AZ,False,False,0.0
191,AZ,False,False,0.0
192,AZ,False,False,0.0
193,AZ,True,True,1.0
194,AZ,False,False,0.0
195,AZ,True,True,1.0
196,AZ,True,True,1.0
197,AZ,False,False,0.0
198,AZ,False,False,0.0
199,AZ,False,False,0.0
200,AZ,False,False,0.0
201,AZ,True,True,1.0
202,AZ,True,True,1.0
203,AZ,True,True,1.0
204,AZ,False,False,0.0
205,AZ,True,True,1.0
206,AZ,True,True,1.0
207,NM,True,True,1.0
208,NM,False,False,0.0
209,AZ,False,False,0.0
210,AZ,False,False,0.0
211,AZ,False,False,0.0
212,AZ,True,True,1.0
213,AZ,False,False,0.0
214,AZ,False,False,0.0
215,AZ,False,False,0.0
216,AZ,False,False,0.0
217,AZ,False,False,0.0
218,AZ,False,False,0.0
219,AZ,False,False,0.0
220,AZ,True,True,1.0
221,AZ,True,True,1.0
222,AZ,False,False,0.0
223,AZ,False,False,0.0
224,AZ,False,False,0.0
225,AZ,False,False,0.0
226,AZ,False,False,0.0
227,AZ,False,False,0.0
228,AZ,False,False,0.0
229,AZ,False,False,0.0
230,AZ,False,False,0.0
231,AZ,False,False,0.0
232,AZ,False,False,0.0
233,AZ,False,False,0.0
234,AZ,False,False,0.0
235,AZ,False,False,0.0
236,AZ,True,True,1.0
237,AZ,True,True,1.0
238,AZ,False,False,0.0
239,AZ,False,False,0.0
240,AZ,True,True,1.0
241,AZ,True,True,1.0
242,AZ,True,True,1.0
243,AZ,True,True,1.0
244,AZ,False,False,0.0
245,AZ,True,True,1.0
246,AZ,True,True,1.0
247,AZ,False,False,0.0
248,AZ,False,False,0.0
249,AZ,False,False,0.0
250,AZ,False,False,0.0
251,NM,True,True,1.0
252,AZ,True,True,1.0
253,AZ,False,False,0.0
254,AZ,True,True,1.0
255,AZ,False,False,0.0
256,AZ,False,False,0.0
257,AZ,False,False,0.0
258,AZ,True,True,1.0
259,AZ,False,False,0.0
260,AZ,False,False,0.0
261,AZ,False,False,0.0
262,AZ,False,False,0.0
263,AZ,False,False,0.0
264,AZ,True,True,1.0
265,AZ,True,True,1.0
266,AZ,False,False,0.0
267,AZ,False,False,0.0
268,AZ,True,True,1.0
269,AZ,True,True,1.0
270,AZ,True,True,1.0
271,AZ,False,False,0.0
272,AZ,False,False,0.0
273,AZ,False,False,0.0
274,AZ,False,False,0.0
275,AZ,False,False,0.0
276,AR,True,True,1.0
277,AR,False,False,0.0
278,AR,False,False,0.0
279,AR,True,True,1.0
280,AR,True,True,1.0
281,AR,True,True,1.0
282,AR,True,True,1.0
283,AR,False,False,0.0
284,AR,True,True,1.0
285,AR,True,True,1.0
286,AR,False,False,0.0
287,AR,False,False,0.0
288,AR,True,True,1.0
289,AR,True,True,1.0
290,AR,False,False,0.0
291,AR,False,False,0.0
292,AR,False,False,0.0
293,AR,False,False,0.0
294,AR,False,False,0.0
295,AR,True,True,1.0
296,AR,True,True,1.0
297,AR,False,False,0.0
298,AR,True,True,1.0
299,AR,False,False,0.0
300,AR,False,False,0.0
301,AR,False,False,0.0
302,AR,False,False,0.0
303,AR,False,False,0.0
304,AR,False,False,0.0
305,AR,True,True,1.0
306,AR,True,True,1.0
307,AR,True,True,1.0
308,AR,False,False,0.0
309,AR,False,False,0.0
310,AR,False,False,0.0
311,AR,False,False,0.0
312,AR,False,False,0.0
313,OK,False,False,0.0
314,AR,False,False,0.0
315,AR,False,False,0.0
316,AR,True,True,1.0
317,AR,False,False,0.0
318,TN,False,False,0.0
319,AR,True,True,1.0
320,AR,True,True,1.0
321,AR,True,True,1.0
322,AR,True,True,1.0
323,AR,True,True,1.0
324,AR,False,False,0.0
325,AR,False,False,0.0
326,AR,True,True,1.0
327,AR,False,False,0.0
328,AR,False,False,0.0
329,AR,False,False,0.0
330,AR,False,False,0.0
331,AR,False,False,0.0
332,AR,False,False,0.0
333,AR,False,False,0.0
334,AR,False,False,0.0
335,AR,False,False,0.0
336,AR,False,False,0.0
337,AR,False,False,0.0
338,AR,False,False,0.0
339,AR,True,True,1.0
340,AR,True,True,1.0
341,AR,False,False,0.0
342,AR,False,False,0.0
343,AR,False,False,0.0
344,AR,True,True,1.0
345,AR,False,False,0.0
346,AR,False,False,0.0
347,AR,False,False,0.0
348,AR,False,False,0.0
349,AR,False,False,0.0
350,AR,False,False,0.0
351,AR,False,False,0.0
352,AR,True,True,1.0
353,AR,True,True,1.0
354,AR,False,False,0.0
355,AR,False,False,0.0
356,AR,False,False,0.0
357,AR,False,False,0.0
358,AR,False,False,0.0
359,AR,True,True,1.0
360,AR,False,False,0.0
361,AR,False,False,0.0
362,AR,False,False,0.0
363,AR,True,True,1.0
364,AR,False,False,0.0
365,AR,False,False,0.0
366,AR,True,True,1.0
367,CA,True,True,1.0
368,CA,False,False,0.0
369,CA,True,True,1.0
370,CA,True,True,1.0
371,CA,False,False,0.0
372,CA,False,False,0.0
373,CA,True,True,1.0
374,CA,False,False,0.0
375,CA,True,True,1.0
376,CA,False,False,0.0
377,CA,True,True,1.0
378,CA,False,False,0.0
379,CA,False,False,0.0
380,CA,False,False,0.0
381,CA,True,True,1.0
382,CA,False,False,0.0
383,CA,False,False,0.0
384,CA,False,False,0.0
385,CA,False,False,0.0
386,CA,True,True,1.0
387,CA,False,False,0.0
388,CA,False,False,0.0
389,CA,False,False,0.0
390,CA,False,False,0.0
391,CA,False,False,0.0
392,CA,True,True,1.0
393,CA,False,False,0.0
394,CA,True,True,1.0
395,CA,True,True,1.0
396,CA,False,False,0.0
397,CA,False,False,0.0
398,CA,False,False,0.0
399,CA,True,True,1.0
400,NY,False,False,0.0
401,CA,False,False,0.0
402,AZ,False,False,0.0
403,CA,True,True,1.0
404,CA,False,False,0.0
405,CA,True,True,1.0
406,CA,True,True,1.0
407,CA,True,True,1.0
408,CA,True,True,1.0
409,CA,True,True,1.0
410,CA,True,True,1.0
411,CA,True,True,1.0
412,CA,True,True,1.0
413,CA,True,True,1.0
414,CA,False,False,0.0
415,CA,True,True,1.0
416,CA,False,False,0.0
417,CA,True,True,1.0
418,CA,False,False,0.0
419,CA,False,False,0.0
420,CA,False,False,0.0
421,CA,False,False,0.0
422,CA,False,False,0.0
423,CA,False,False,0.0
424,CA,True,True,1.0
425,CA,True,True,1.0
426,CA,False,False,0.0
427,CA,True,True,1.0
428,CA,False,False,0.0
429,CA,True,True,1.0
430,CA,True,True,1.0
431,CA,False,False,0.0
432,CA,True,True,1.0
433,CA,True,True,1.0
434,CA,False,False,0.0
435,CA,True,True,1.0
436,CA,False,False,0.0
437,CA,False,False,0.0
438,CA,True,True,1.0
439,CA,True,True,1.0
440,CA,False,False,0.0
441,CA,True,True,1.0
442,CA,True,True,1.0
443,CA,True,True,1.0
444,CA,False,False,0.0
445,CA,True,True,1.0
446,CA,True,True,1.0
447,CA,True,True,1.0
448,DC,False,False,0.0
449,CA,True,True,1.0
450,CA,True,True,1.0
451,CA,True,True,1.0
452,CA,True,True,1.0
453,CA,True,True,1.0
454,CA,True,True,1.0
455,CA,False,False,0.0
456,CA,True,True,1.0
457,CA,True,True,1.0
458,CA,True,True,1.0
459,CA,True,True,1.0
460,CA,True,True,1.0
461,CA,False,False,0.0
462,CA,True,True,1.0
463,CA,True,True,1.0
464,CA,False,False,0.0
465,CA,False,False,0.0
466,CA,True,True,1.0
467,CA,True,True,1.0
468,CA,True,True,1.0
469,CA,True,True,1.0
470,CA,False,False,0.0
471,CA,False,False,0.0
472,CA,True,True,1.0
473,CA,True,True,1.0
474,CA,False,False,0.0
475,CA,False,False,0.0
476,CA,False,False,0.0
477,CA,True,True,1.0
478,CA,True,True,1.0
479,CA,False,False,0.0
480,CA,False,False,0.0
481,CA,False,False,0.0
482,CA,True,True,1.0
483,CA,False,False,0.0
484,CA,False,False,0.0
485,CA,False,False,0.0
486,CA,False,False,0.0
487,CA,False,False,0.0
488,CA,True,True,1.0
489,CA,False,False,0.0
490,CA,True,True,1.0
491,CA,False,False,0.0
492,CA,True,True,1.0
493,CA,True,True,1.0
494,CA,False,False,0.0
495,CA,False,False,0.0
496,CA,True,True,1.0
497,CA,False,False,0.0
498,CA,True,True,1.0
499,CA,False,False,0.0
500,CA,True,True,1.0
501,CA,False,False,0.0
502,CA,True,True,1.0
503,CA,False,False,0.0
504,CA,False,False,0.0
505,CA,True,True,1.0
506,CA,True,True,1.0
507,CA,True,True,1.0
508,CA,True,True,1.0
509,CA,True,True,1.0
510,CA,False,False,0.0
511,CA,False,False,0.0
512,CA,False,False,0.0
513,CA,False,False,0.0
514,CA,False,False,0.0
515,CA,True,True,1.0
516,CA,True,True,1.0
517,CA,True,True,1.0
518,OR,False,False,0.0
519,CA,False,False,0.0
520,CA,False,False,0.0
521,CA,True,True,1.0
522,CA,True,True,1.0
523,CA,True,True,1.0
524,CA,False,False,0.0
525,CA,True,True,1.0
526,CA,True,True,1.0
527,CA,True,True,1.0
528,CA,False,False,0.0
529,CA,False,False,0.0
530,CA,True,True,1.0
531,CA,False,False,0.0
532,CA,True,True,1.0
533,CA,False,False,0.0
534,CA,False,False,0.0
535,CA,True,True,1.0
536,CA,False,False,0.0
537,CA,True,True,1.0
538,CA,False,False,0.0
539,CA,True,True,1.0
540,CA,False,False,0.0
541,CA,True,True,1.0
542,CA,True,True,1.0
543,CA,False,False,0.0
544,CA,True,True,1.0
545,CA,True,True,1.0
546,CA,True,True,1.0
547,CA,False,False,0.0
548,CA,False,False,0.0
549,CA,True,True,1.0
550,CA,False,False,0.0
551,CA,False,False,0.0
552,CA,True,True,1.0
553,CA,False,False,0.0
554,CA,False,False,0.0
555,CA,False,False,0.0
556,CA,False,False,0.0
557,CA,True,True,1.0
558,CA,True,True,1.0
559,CA,True,True,1.0
560,CA,True,True,1.0
561,CA,True,True,1.0
562,CA,True,True,1.0
563,CA,False,False,0.0
564,CA,False,False,0.0
565,CA,False,False,0.0
566,CA,True,True,1.0
567,CA,True,True,1.0
568,AZ,False,False,0.0
569,TX,False,False,0.0
570,CA,True,True,1.0
571,CA,True,True,1.0
572,CA,False,False,0.0
573,CA,False,False,0.0
574,CA,False,False,0.0
575,CA,False,False,0.0
576,CA,True,True,1.0
577,CA,True,True,1.0
578,CA,False,False,0.0
579,CA,False,False,0.0
580,CA,True,True,1.0
581,CA,True,True,1.0
582,CA,False,False,0.0
583,CA,False,False,0.0
584,CA,True,True,1.0
585,CA,True,True,1.0
586,CA,False,False,0.0
587,CA,False,False,0.0
588,CA,True,True,1.0
589,CA,False,False,0.0
590,CA,False,False,0.0
591,CA,True,True,1.0
592,CA,False,False,0.0
593,CA,False,False,0.0
594,CA,False,False,0.0
595,CA,True,True,1.0
596,CA,False,False,0.0
597,CA,False,False,0.0
598,CA,False,False,0.0
599,CA,False,False,0.0
600,CA,False,False,0.0
601,CA,False,False,0.0
602,CA,True,True,1.0
603,CA,False,False,0.0
604,CA,False,False,0.0
605,CA,False,False,0.0
606,CA,False,False,0.0
607,CA,False,False,0.0
608,CA,True,True,1.0
609,CA,False,False,0.0
610,CA,False,False,0.0
611,CA,False,False,0.0
612,CA,True,True,1.0
613,CA,True,True,1.0
614,CA,True,True,1.0
615,CA,False,False,0.0
616,CA,True,True,1.0
617,CA,True,True,1.0
618,CA,True,True,1.0
619,CA,True,True,1.0
620,CA,True,True,1.0
621,CA,True,True,1.0
622,CA,True,True,1.0
623,CA,True,True,1.0
624,CA,True,True,1.0
625,CA,True,True,1.0
626,CA,True,True,1.0
627,CA,True,True,1.0
628,CA,False,False,0.0
629,CA,True,True,1.0
630,CA,False,False,0.0
631,CA,True,True,1.0
632,CA,True,True,1.0
633,CA,True,True,1.0
634,CA,False,False,0.0
635,CA,False,False,0.0
636,CA,False,False,0.0
637,CA,False,False,0.0
638,CA,False,False,0.0
639,CA,False,False,0.0
640,CA,False,False,0.0
641,CA,True,True,1.0
642,CA,True,True,1.0
643,CA,False,False,0.0
644,CA,False,False,0.0
645,CA,False,False,0.0
646,CA,True,True,1.0
647,CA,True,True,1.0
648,CA,True,True,1.0
649,CA,False,False,0.0
650,CA,False,False,0.0
651,CA,True,True,1.0
652,CA,True,True,1.0
653,CA,True,True,1.0
654,CA,True,True,1.0
655,CA,True,True,1.0
656,CA,False,False,0.0
657,CA,True,True,1.0
658,CA,True,True,1.0
659,CA,False,False,0.0
660,CA,False,False,0.0
661,CA,False,False,0.0
662,CA,False,False,0.0
663,CA,False,False,0.0
664,CA,False,False,0.0
665,CA,True,True,1.0
666,CA,False,False,0.0
667,CA,False,False,0.0
668,CA,True,True,1.0
669,CA,True,True,1.0
670,CA,False,False,0.0
671,CA,True,True,1.0
672,CA,True,True,1.0
673,CA,True,True,1.0
674,CA,True,True,1.0
675,CA,False,False,0.0
676,TN,False,False,0.0
677,CA,True,True,1.0
678,CA,False,False,0.0
679,CA,False,False,0.0
680,CA,False,False,0.0
681,CA,False,False,0.0
682,CA,False,False,0.0
683,CA,False,False,0.0
684,CA,False,False,0.0
685,CA,False,False,0.0
686,CA,True,True,1.0
687,CA,True,True,1.0
688,CA,True,True,1.0
689,CA,False,False,0.0
690,CA,False,False,0.0
691,CA,False,False,0.0
692,CA,False,False,0.0
693,CA,False,False,0.0
694,CA,False,False,0.0
695,CA,False,False,0.0
696,CA,False,False,0.0
697,CA,False,False,0.0
698,CA,False,False,0.0
699,CA,False,False,0.0
700,CA,False,False,0.0
701,CA,False,False,0.0
702,CA,False,False,0.0
703,CA,False,False,0.0
704,CA,False,False,0.0
705,CA,False,False,0.0
706,CA,False,False,0.0
707,CA,False,False,0.0
708,CA,True,True,1.0
709,CA,True,True,1.0
710,CA,True,True,1.0
711,CA,False,False,0.0
712,CA,False,False,0.0
713,CA,False,False,0.0
714,CA,True,True,1.0
715,CA,True,True,1.0
716,CA,True,True,1.0
717,CA,True,True,1.0
718,CA,True,True,1.0
719,CA,False,False,0.0
720,CA,True,True,1.0
721,CA,True,True,1.0
722,CA,False,False,0.0
723,CA,False,False,0.0
724,CA,False,False,0.0
725,CA,False,False,0.0
726,CA,True,True,1.0
727,CA,False,False,0.0
728,CA,True,True,1.0
729,CA,True,True,1.0
730,CA,False,False,0.0
731,CA,True,True,1.0
732,CA,False,False,0.0
733,CA,False,False,0.0
734,CA,True,True,1.0
735,CA,False,False,0.0
736,CA,False,False,0.0
737,CA,True,True,1.0
738,CA,True,True,1.0
739,CA,True,True,1.0
740,CA,False,False,0.0
741,CA,False,False,0.0
742,CA,True,True,1.0
743,CA,False,False,0.0
744,CA,False,False,0.0
745,DC,False,False,0.0
746,CA,True,True,1.0
747,CA,True,True,1.0
748,CA,True,True,1.0
749,CA,False,False,0.0
750,CA,False,False,0.0
751,CA,False,False,0.0
752,CA,False,False,0.0
753,CA,False,False,0.0
754,CA,False,False,0.0
755,CA,True,True,1.0
756,CA,True,True,1.0
757,CA,False,False,0.0
758,CA,True,True,1.0
759,CA,False,False,0.0
760,CA,False,False,0.0
761,CA,True,True,1.0
762,CA,True,True,1.0
763,CA,False,False,0.0
764,CA,True,True,1.0
765,CA,True,True,1.0
766,CA,False,False,0.0
767,CA,False,False,0.0
768,CA,False,False,0.0
769,CA,False,False,0.0
770,CA,False,False,0.0
771,CA,True,True,1.0
772,CA,True,True,1.0
773,CA,False,False,0.0
774,CA,True,True,1.0
775,CA,False,False,0.0
776,CA,False,False,0.0
777,CA,False,False,0.0
778,CA,True,True,1.0
779,CA,True,True,1.0
780,CA,False,False,0.0
781,CA,False,False,0.0
782,CA,False,False,0.0
783,CA,True,True,1.0
784,CA,True,True,1.0
785,CA,True,True,1.0
786,CA,False,False,0.0
787,CA,False,False,0.0
788,CA,True,True,1.0
789,CA,True,True,1.0
790,CA,False,False,0.0
791,CA,False,False,0.0
792,CA,True,True,1.0
793,CA,True,True,1.0
794,CA,True,True,1.0
795,CA,True,True,1.0
796,CA,True,True,1.0
797,CA,False,False,0.0
798,CA,True,True,1.0
799,CA,False,False,0.0
800,CA,True,True,1.0
801,CA,True,True,1.0
802,CA,False,False,0.0
803,CA,True,True,1.0
804,CA,False,False,0.0
805,CA,False,False,0.0
806,CA,True,True,1.0
807,CA,True,True,1.0
808,CA,False,False,0.0
809,CA,False,False,0.0
810,CA,True,True,1.0
811,CA,False,False,0.0
812,CA,True,True,1.0
813,CA,False,False,0.0
814,CA,True,True,1.0
815,CA,True,True,1.0
816,CA,True,True,1.0
817,CA,True,True,1.0
818,CA,False,False,0.0
819,CA,True,True,1.0
820,CA,False,False,0.0
821,CA,True,True,1.0
822,CA,True,True,1.0
823,CA,True,True,1.0
824,CA,False,False,0.0
825,CA,False,False,0.0
826,CA,False,False,0.0
827,CA,True,True,1.0
828,CA,True,True,1.0
829,CA,True,True,1.0
830,CA,True,True,1.0
831,CA,False,False,0.0
832,CA,False,False,0.0
833,CA,False,False,0.0
834,CA,True,True,1.0
835,CA,False,False,0.0
836,CA,True,True,1.0
837,CA,True,True,1.0
838,CA,False,False,0.0
839,CA,False,False,0.0
840,CA,True,True,1.0
841,CA,False,False,0.0
842,CA,False,False,0.0
843,CA,False,False,0.0
844,CA,False,False,0.0
845,CA,False,False,0.0
846,CA,True,True,1.0
847,CA,False,False,0.0
848,CA,False,False,0.0
849,CA,False,False,0.0
850,CA,False,False,0.0
851,CA,False,False,0.0
852,CA,True,True,1.0
853,CA,False,False,0.0
854,CA,True,True,1.0
855,CA,False,False,0.0
856,CA,False,False,0.0
857,CA,True,True,1.0
858,CA,False,False,0.0
859,CA,True,True,1.0
860,CA,True,True,1.0
861,CA,False,False,0.0
862,CA,True,True,1.0
863,CA,False,False,0.0
864,CA,True,True,1.0
865,CA,True,True,1.0
866,CA,False,False,0.0
867,CA,False,False,0.0
868,CA,True,True,1.0
869,CA,False,False,0.0
870,CA,True,True,1.0
871,CA,True,True,1.0
872,CA,False,False,0.0
873,CA,True,True,1.0
874,CA,False,False,0.0
875,CA,False,False,0.0
876,CA,True,True,1.0
877,CA,True,True,1.0
878,CA,True,True,1.0
879,CA,False,False,0.0
880,CA,False,False,0.0
881,CA,False,False,0.0
882,CA,True,True,1.0
883,CA,False,False,0.0
884,CA,False,False,0.0
885,CA,False,False,0.0
886,CA,True,True,1.0
887,CA,True,True,1.0
888,CA,False,False,0.0
889,MA,False,False,0.0
890,CA,False,False,0.0
891,CA,True,True,1.0
892,CA,True,True,1.0
893,CA,False,False,0.0
894,CA,True,True,1.0
895,CA,False,False,0.0
896,CA,False,False,0.0
897,CA,False,False,0.0
898,CA,False,False,0.0
899,CA,False,False,0.0
900,MN,False,False,0.0
901,CA,False,False,0.0
902,CA,True,True,1.0
903,CA,True,True,1.0
904,CA,True,True,1.0
905,CA,True,True,1.0
906,CA,False,False,0.0
907,CA,False,False,0.0
908,CA,False,False,0.0
909,CA,False,False,0.0
910,CA,True,True,1.0
911,CA,True,True,1.0
912,CA,False,False,0.0
913,CA,False,False,0.0
914,CA,False,False,0.0
915,CA,True,True,1.0
916,CA,False,False,0.0
917,CA,True,True,1.0
918,CA,False,False,0.0
919,CO,True,True,1.0
920,CO,False,False,0.0
921,CO,False,False,0.0
922,CO,False,False,0.0
923,CO,False,False,0.0
924,CO,False,False,0.0
925,CO,False,False,0.0
926,CO,False,False,0.0
927,CO,False,False,0.0
928,CO,False,False,0.0
929,CO,True,True,1.0
930,CO,True,True,1.0
931,CO,True,True,1.0
932,CO,False,False,0.0
933,CO,True,True,1.0
934,CO,True,True,1.0
935,CO,True,True,1.0
936,CO,False,False,0.0
937,CO,False,False,0.0
938,CO,False,False,0.0
939,CO,False,False,0.0
940,CO,True,True,1.0
941,CO,False,False,0.0
942,CO,True,True,1.0
943,CO,False,False,0.0
944,CO,False,False,0.0
945,CO,True,True,1.0
946,CO,True,True,1.0
947,CO,True,True,1.0
948,CO,True,True,1.0
949,CO,True,True,1.0
950,CO,False,False,0.0
951,CO,True,True,1.0
952,CO,False,False,0.0
953,MD,False,False,0.0
954,CO,True,True,1.0
955,CO,False,False,0.0
956,CO,True,True,1.0
957,CO,True,True,1.0
958,CO,True,True,1.0
959,CO,True,True,1.0
960,CO,False,False,0.0
961,CO,False,False,0.0
962,CO,True,True,1.0
963,CO,True,True,1.0
964,CO,False,False,0.0
965,CO,False,False,0.0
966,CO,True,True,1.0
967,CO,False,False,0.0
968,CO,False,False,0.0
969,CO,False,False,0.0
970,CO,False,False,0.0
971,CO,False,False,0.0
972,CO,True,True,1.0
973,CO,False,False,0.0
974,CO,True,True,1.0
975,CO,False,False,0.0
976,CO,True,True,1.0
977,CO,False,False,0.0
978,CO,False,False,0.0
979,CO,True,True,1.0
980,CO,True,True,1.0
981,CO,False,False,0.0
982,CO,False,False,0.0
983,CO,False,False,0.0
984,CO,True,True,1.0
985,CO,False,False,0.0
986,CO,False,False,0.0
987,CO,False,False,0.0
988,CO,False,False,0.0
989,CO,True,True,1.0
990,CO,True,True,1.0
991,CO,False,False,0.0
992,CO,False,False,0.0
993,CO,False,False,0.0
994,CO,False,False,0.0
995,CO,True,True,1.0
996,CO,True,True,1.0
997,CO,False,False,0.0
998,CO,True,True,1.0
999,CO,False,False,0.0
1000,NM,False,False,0.0
1001,CO,True,True,1.0
1002,CO,False,False,0.0
1003,CO,False,False,0.0
1004,CO,False,False,0.0
1005,CT,True,True,1.0
1006,CT,False,False,0.0
1007,NY,False,False,0.0
1008,CT,True,True,1.0
1009,CT,False,False,0.0
1010,CT,False,False,0.0
1011,CT,False,False,0.0
1012,CT,False,False,0.0
1013,CT,True,True,1.0
1014,CT,True,True,1.0
1015,CT,True,True,1.0
1016,CT,False,False,0.0
1017,CT,False,False,0.0
1018,CT,False,False,0.0
1019,CT,False,False,0.0
1020,CT,True,True,1.0
1021,CT,False,False,0.0
1022,CT,False,False,0.0
1023,CT,False,False,0.0
1024,CT,False,False,0.0
1025,CT,True,True,1.0
1026,CT,False,False,0.0
1027,CT,False,False,0.0
1028,CT,True,True,1.0
1029,CT,False,False,0.0
1030,CT,False,False,0.0
1031,CT,False,False,0.0
1032,CT,False,False,0.0
1033,CT,False,False,0.0
1034,CT,True,True,1.0
1035,CT,False,False,0.0
1036,CT,False,False,0.0
1037,CT,False,False,0.0
1038,CT,True,True,1.0
1039,CT,False,False,0.0
1040,CT,False,False,0.0
1041,CT,False,False,0.0
1042,CT,False,False,0.0
1043,CT,False,False,0.0
1044,CT,False,False,0.0
1045,MA,False,False,0.0
1046,MA,False,False,0.0
1047,CT,False,False,0.0
1048,CT,True,True,1.0
1049,CT,False,False,0.0
1050,CT,False,False,0.0
1051,CT,True,True,1.0
1052,CT,True,True,1.0
1053,CT,True,True,1.0
1054,CT,False,False,0.0
1055,CT,False,False,0.0
1056,CT,True,True,1.0
1057,CT,False,False,0.0
1058,CT,False,False,0.0
1059,CT,False,False,0.0
1060,CT,True,True,1.0
1061,CT,True,True,1.0
1062,CT,True,True,1.0
1063,CT,False,False,0.0
1064,CT,True,True,1.0
1065,CT,False,False,0.0
1066,CT,False,False,0.0
1067,CT,True,True,1.0
1068,CT,False,False,0.0
1069,DE,False,False,0.0
1070,DE,False,False,0.0
1071,DE,True,True,1.0
1072,DE,True,True,1.0
1073,DE,True,True,1.0
1074,DE,True,True,1.0
1075,DE,True,True,1.0
1076,DE,False,False,0.0
1077,DE,True,True,1.0
1078,DE,True,True,1.0
1079,DE,False,False,0.0
1080,DE,False,False,0.0
1081,DE,False,False,0.0
1082,DE,False,False,0.0
1083,DE,False,False,0.0
1084,DE,False,False,0.0
1085,DE,False,False,0.0
1086,DE,False,False,0.0
1087,DE,False,False,0.0
1088,DE,True,True,1.0
1089,DE,False,False,0.0
1090,DE,False,False,0.0
1091,NJ,False,False,0.0
1092,NJ,False,False,0.0
1093,DE,False,False,0.0
1094,NJ,True,True,1.0
1095,NJ,False,False,0.0
1096,NJ,False,False,0.0
1097,DC,True,True,1.0
1098,DC,False,False,0.0
1099,DC,True,True,1.0
1100,MD,False,False,0.0
1101,DC,False,False,0.0
1102,DC,False,False,0.0
1103,DC,True,True,1.0
1104,DC,False,False,0.0
1105,DC,False,False,0.0
1106,DC,True,True,1.0
1107,DC,False,False,0.0
1108,DC,True,True,1.0
1109,DC,True,True,1.0
1110,DC,True,True,1.0
1111,VA,False,False,0.0
1112,VA,False,False,0.0
1113,VA,False,False,0.0
1114,VA,False,False,0.0
1115,DC,False,False,0.0
1116,DC,True,True,1.0
1117,DC,False,False,0.0
1118,DC,False,False,0.0
1119,DC,True,True,1.0
1120,MD,False,False,0.0
1121,DC,False,False,0.0
1122,DC,False,False,0.0
1123,UT,False,False,0.0
1124,DC,False,False,0.0
1125,DC,False,False,0.0
1126,DC,False,False,0.0
1127,FL,False,False,0.0
1128,FL,False,False,0.0
1129,FL,True,True,1.0
1130,FL,False,False,0.0
1131,FL,True,True,1.0
1132,FL,False,False,0.0
1133,FL,False,False,0.0
1134,FL,True,True,1.0
1135,FL,False,False,0.0
1136,FL,True,True,1.0
1137,FL,False,False,0.0
1138,FL,False,False,0.0
1139,FL,False,False,0.0
1140,FL,True,True,1.0
1141,FL,False,False,0.0
1142,FL,False,False,0.0
1143,FL,False,False,0.0
1144,FL,True,True,1.0
1145,FL,False,False,0.0
1146,FL,False,False,0.0
1147,FL,False,False,0.0
1148,FL,False,False,0.0
1149,FL,False,False,0.0
1150,FL,False,False,0.0
1151,FL,False,False,0.0
1152,FL,False,False,0.0
1153,FL,False,False,0.0
1154,FL,False,False,0.0
1155,FL,False,False,0.0
1156,FL,False,False,0.0
1157,FL,True,True,1.0
1158,FL,False,False,0.0
1159,FL,True,True,1.0
1160,FL,True,True,1.0
1161,FL,False,False,0.0
1162,FL,True,True,1.0
1163,FL,True,True,1.0
1164,FL,True,True,1.0
1165,FL,True,True,1.0
1166,FL,False,False,0.0
1167,FL,False,False,0.0
1168,FL,False,False,0.0
1169,FL,False,False,0.0
1170,FL,False,False,0.0
1171,FL,False,False,0.0
1172,FL,True,True,1.0
1173,FL,False,False,0.0
1174,FL,False,False,0.0
1175,FL,False,False,0.0
1176,FL,False,False,0.0
1177,FL,False,False,0.0
1178,FL,False,False,0.0
1179,FL,False,False,0.0
1180,FL,True,True,1.0
1181,FL,True,True,1.0
1182,FL,False,False,0.0
1183,FL,False,False,0.0
1184,FL,False,False,0.0
1185,FL,True,True,1.0
1186,FL,True,True,1.0
1187,FL,True,True,1.0
1188,FL,False,False,0.0
1189,FL,True,True,1.0
1190,FL,False,False,0.0
1191,FL,False,False,0.0
1192,FL,False,False,0.0
1193,FL,False,False,0.0
1194,FL,True,True,1.0
1195,FL,False,False,0.0
1196,FL,False,False,0.0
1197,FL,False,False,0.0
1198,FL,False,False,0.0
1199,FL,False,False,0.0
1200,FL,True,True,1.0
1201,FL,False,False,0.0
1202,FL,False,False,0.0
1203,FL,True,True,1.0
1204,FL,True,True,1.0
1205,FL,False,False,0.0
1206,FL,False,False,0.0
1207,FL,False,False,0.0
1208,FL,False,False,0.0
1209,FL,True,True,1.0
1210,CO,False,False,0.0
1211,FL,True,True,1.0
1212,FL,False,False,0.0
1213,FL,False,False,0.0
1214,FL,True,True,1.0
1215,FL,True,True,1.0
1216,FL,True,True,1.0
1217,FL,False,False,0.0
1218,FL,True,True,1.0
1219,FL,True,True,1.0
1220,FL,False,False,0.0
1221,FL,False,False,0.0
1222,FL,True,True,1.0
1223,FL,True,True,1.0
1224,FL,False,False,0.0
1225,FL,True,True,1.0
1226,FL,True,True,1.0
1227,FL,False,False,0.0
1228,FL,False,False,0.0
1229,FL,False,False,0.0
1230,FL,False,False,0.0
1231,FL,False,False,0.0
1232,MA,False,False,0.0
1233,FL,False,False,0.0
1234,FL,False,False,0.0
1235,FL,False,False,0.0
1236,FL,False,False,0.0
1237,FL,True,True,1.0
1238,FL,False,False,0.0
1239,FL,False,False,0.0
1240,FL,False,False,0.0
1241,FL,False,False,0.0
1242,FL,False,False,0.0
1243,FL,True,True,1.0
1244,FL,False,False,0.0
1245,FL,False,False,0.0
1246,FL,False,False,0.0
1247,FL,False,False,0.0
1248,FL,False,False,0.0
1249,FL,False,False,0.0
1250,FL,False,False,0.0
1251,FL,False,False,0.0
1252,FL,False,False,0.0
1253,FL,False,False,0.0
1254,FL,False,False,0.0
1255,FL,False,False,0.0
1256,FL,False,False,0.0
1257,FL,False,False,0.0
1258,FL,False,False,0.0
1259,FL,True,True,1.0
1260,FL,False,False,0.0
1261,FL,False,False,0.0
1262,FL,False,False,0.0
1263,FL,False,False,0.0
1264,FL,False,False,0.0
1265,FL,False,False,0.0
1266,FL,True,True,1.0
1267,FL,False,False,0.0
1268,FL,False,False,0.0
1269,FL,False,False,0.0
1270,FL,True,True,1.0
1271,FL,False,False,0.0
1272,FL,True,True,1.0
1273,FL,False,False,0.0
1274,FL,False,False,0.0
1275,FL,False,False,0.0
1276,FL,False,False,0.0
1277,FL,False,False,0.0
1278,FL,False,False,0.0
1279,FL,True,True,1.0
1280,FL,False,False,0.0
1281,FL,False,False,0.0
1282,FL,False,False,0.0
1283,FL,False,False,0.0
1284,FL,False,False,0.0
1285,FL,False,False,0.0
1286,FL,False,False,0.0
1287,FL,False,False,0.0
1288,FL,False,False,0.0
1289,FL,False,False,0.0
1290,FL,False,False,0.0
1291,FL,False,False,0.0
1292,FL,False,False,0.0
1293,FL,False,False,0.0
1294,FL,False,False,0.0
1295,FL,False,False,0.0
1296,FL,False,False,0.0
1297,FL,False,False,0.0
1298,FL,False,False,0.0
1299,FL,False,False,0.0
1300,FL,False,False,0.0
1301,FL,False,False,0.0
1302,FL,False,False,0.0
1303,FL,False,False,0.0
1304,FL,False,False,0.0
1305,FL,False,False,0.0
1306,FL,False,False,0.0
1307,FL,False,False,0.0
1308,FL,False,False,0.0
1309,FL,False,False,0.0
1310,FL,True,True,1.0
1311,FL,False,False,0.0
1312,FL,False,False,0.0
1313,FL,False,False,0.0
1314,FL,False,False,0.0
1315,FL,False,False,0.0
1316,FL,False,False,0.0
1317,GA,False,False,0.0
1318,FL,False,False,0.0
1319,FL,False,False,0.0
1320,FL,False,False,0.0
1321,FL,False,False,0.0
1322,FL,False,False,0.0
1323,FL,False,False,0.0
1324,FL,False,False,0.0
1325,FL,False,False,0.0
1326,FL,False,False,0.0
1327,FL,True,True,1.0
1328,FL,True,True,1.0
1329,FL,True,True,1.0
1330,FL,True,True,1.0
1331,FL,False,False,0.0
1332,FL,False,False,0.0
1333,FL,False,False,0.0
1334,FL,False,False,0.0
1335,FL,True,True,1.0
1336,FL,True,True,1.0
1337,FL,False,False,0.0
1338,FL,True,True,1.0
1339,FL,False,False,0.0
1340,FL,False,False,0.0
1341,FL,True,True,1.0
1342,FL,True,True,1.0
1343,FL,False,False,0.0
1344,FL,False,False,0.0
1345,FL,False,False,0.0
1346,FL,False,False,0.0
1347,FL,False,False,0.0
1348,FL,False,False,0.0
1349,PR,False,False,0.0
1350,FL,False,False,0.0
1351,FL,False,False,0.0
1352,FL,False,False,0.0
1353,FL,False,False,0.0
1354,FL,True,True,1.0
1355,FL,True,True,1.0
1356,FL,False,False,0.0
1357,FL,False,False,0.0
1358,FL,False,False,0.0
1359,FL,False,False,0.0
1360,FL,False,False,0.0
1361,FL,True,True,1.0
1362,FL,False,False,0.0
1363,FL,True,True,1.0
1364,FL,True,True,1.0
1365,FL,False,False,0.0
1366,FL,True,True,1.0
1367,FL,False,False,0.0
1368,FL,True,True,1.0
1369,FL,False,False,0.0
1370,FL,False,False,0.0
1371,GA,False,False,0.0
1372,FL,False,False,0.0
1373,FL,False,False,0.0
1374,FL,False,False,0.0
1375,FL,True,True,1.0
1376,FL,False,False,0.0
1377,FL,False,False,0.0
1378,FL,False,False,0.0
1379,FL,False,False,0.0
1380,FL,True,True,1.0
1381,FL,True,True,1.0
1382,FL,False,False,0.0
1383,FL,False,False,0.0
1384,FL,False,False,0.0
1385,FL,False,False,0.0
1386,FL,False,False,0.0
1387,FL,False,False,0.0
1388,FL,False,False,0.0
1389,FL,False,False,0.0
1390,FL,False,False,0.0
1391,FL,False,False,0.0
1392,FL,True,True,1.0
1393,FL,False,False,0.0
1394,FL,False,False,0.0
1395,FL,False,False,0.0
1396,FL,False,False,0.0
1397,FL,False,False,0.0
1398,FL,False,False,0.0
1399,FL,True,True,1.0
1400,FL,True,True,1.0
1401,FL,True,True,1.0
1402,FL,False,False,0.0
1403,FL,False,False,0.0
1404,FL,False,False,0.0
1405,CA,True,True,1.0
1406,FL,False,False,0.0
1407,WA,False,False,0.0
1408,AL,False,False,0.0
1409,SC,False,False,0.0
1410,FL,False,False,0.0
1411,TX,False,False,0.0
1412,CA,False,False,0.0
1413,FL,False,False,0.0
1414,FL,False,False,0.0
1415,FL,False,False,0.0
1416,FL,False,False,0.0
1417,FL,False,False,0.0
1418,FL,False,False,0.0
1419,FL,False,False,0.0
1420,FL,False,False,0.0
1421,FL,False,False,0.0
1422,FL,False,False,0.0
1423,FL,False,False,0.0
1424,FL,False,False,0.0
1425,FL,False,False,0.0
1426,FL,True,True,1.0
1427,FL,True,True,1.0
1428,FL,False,False,0.0
1429,FL,True,True,1.0
1430,FL,False,False,0.0
1431,FL,False,False,0.0
1432,FL,False,False,0.0
1433,FL,False,False,0.0
1434,FL,False,False,0.0
1435,GA,True,True,1.0
1436,GA,False,False,0.0
1437,GA,True,True,1.0
1438,GA,True,True,1.0
1439,GA,False,False,0.0
1440,GA,False,False,0.0
1441,GA,False,False,0.0
1442,GA,False,False,0.0
1443,GA,True,True,1.0
1444,GA,True,True,1.0
1445,GA,False,False,0.0
1446,GA,False,False,0.0
1447,GA,False,False,0.0
1448,GA,True,True,1.0
1449,GA,False,False,0.0
1450,GA,True,True,1.0
1451,GA,False,False,0.0
1452,GA,False,False,0.0
1453,GA,False,False,0.0
1454,GA,True,True,1.0
1455,GA,False,False,0.0
1456,GA,False,False,0.0
1457,GA,True,True,1.0
1458,GA,False,False,0.0
1459,GA,True,True,1.0
1460,GA,False,False,0.0
1461,GA,False,False,0.0
1462,GA,False,False,0.0
1463,GA,False,False,0.0
1464,GA,False,False,0.0
1465,GA,True,True,1.0
1466,GA,False,False,0.0
1467,GA,False,False,0.0
1468,GA,True,True,1.0
1469,GA,False,False,0.0
1470,GA,True,True,1.0
1471,GA,True,True,1.0
1472,GA,False,False,0.0
1473,GA,False,False,0.0
1474,GA,True,True,1.0
1475,GA,True,True,1.0
1476,GA,False,False,0.0
1477,GA,True,True,1.0
1478,GA,False,False,0.0
1479,GA,False,False,0.0
1480,GA,True,True,1.0
1481,GA,False,False,0.0
1482,GA,False,False,0.0
1483,GA,True,True,1.0
1484,GA,False,False,0.0
1485,GA,False,False,0.0
1486,GA,True,True,1.0
1487,GA,True,True,1.0
1488,GA,False,False,0.0
1489,GA,True,True,1.0
1490,GA,True,True,1.0
1491,GA,True,True,1.0
1492,GA,False,False,0.0
1493,GA,False,False,0.0
1494,GA,True,True,1.0
1495,GA,False,False,0.0
1496,GA,False,False,0.0
1497,GA,False,False,0.0
1498,GA,False,False,0.0
1499,GA,True,True,1.0
1500,GA,False,False,0.0
1501,GA,True,True,1.0
1502,GA,False,False,0.0
1503,HI,False,False,0.0
1504,HI,True,True,1.0
1505,HI,True,True,1.0
1506,HI,False,False,0.0
1507,HI,True,True,1.0
1508,HI,True,True,1.0
1509,HI,False,False,0.0
1510,HI,False,False,0.0
1511,HI,True,True,1.0
1512,HI,True,True,1.0
1513,HI,False,False,0.0
1514,HI,True,True,1.0
1515,HI,False,False,0.0
1516,HI,True,True,1.0
1517,ID,True,True,1.0
1518,ID,False,False,0.0
1519,ID,False,False,0.0
1520,ID,False,False,0.0
1521,AK,True,True,1.0
1522,ID,True,True,1.0
1523,ID,True,True,1.0
1524,ID,True,True,1.0
1525,ID,True,True,1.0
1526,ID,False,False,0.0
1527,ID,False,False,0.0
1528,ID,False,False,0.0
1529,ID,False,False,0.0
1530,ID,True,True,1.0
1531,ID,False,False,0.0
1532,ID,False,False,0.0
1533,ID,True,True,1.0
1534,ID,False,False,0.0
1535,IL,False,False,0.0
1536,IL,True,True,1.0
1537,IL,True,True,1.0
1538,IL,True,True,1.0
1539,IL,True,True,1.0
1540,IL,False,False,0.0
1541,IN,False,False,0.0
1542,IL,False,False,0.0
1543,IL,True,True,1.0
1544,CA,False,False,0.0
1545,IL,False,False,0.0
1546,IL,False,False,0.0
1547,IL,False,False,0.0
1548,IL,False,False,0.0
1549,IL,False,False,0.0
1550,IL,False,False,0.0
1551,IL,False,False,0.0
1552,IL,False,False,0.0
1553,IL,False,False,0.0
1554,MA,False,False,0.0
1555,IL,True,True,1.0
1556,IL,False,False,0.0
1557,IL,False,False,0.0
1558,IL,False,False,0.0
1559,IL,False,False,0.0
1560,IL,True,True,1.0
1561,IL,False,False,0.0
1562,IL,False,False,0.0
1563,IL,False,False,0.0
1564,IL,True,True,1.0
1565,CA,False,False,0.0
1566,IL,True,True,1.0
1567,IL,True,True,1.0
1568,IL,False,False,0.0
1569,IL,False,False,0.0
1570,IL,False,False,0.0
1571,IL,False,False,0.0
1572,IL,False,False,0.0
1573,IL,False,False,0.0
1574,IL,False,False,0.0
1575,IL,False,False,0.0
1576,IL,True,True,1.0
1577,IL,False,False,0.0
1578,IL,False,False,0.0
1579,IL,False,False,0.0
1580,IL,False,False,0.0
1581,IL,False,False,0.0
1582,IL,False,False,0.0
1583,IL,False,False,0.0
1584,IL,False,False,0.0
1585,IL,True,True,1.0
1586,IL,False,False,0.0
1587,IL,False,False,0.0
1588,IL,False,False,0.0
1589,IL,False,False,0.0
1590,IL,False,False,0.0
1591,IL,True,True,1.0
1592,AZ,False,False,0.0
1593,IL,True,True,1.0
1594,IL,False,False,0.0
1595,IL,True,True,1.0
1596,IL,True,True,1.0
1597,IL,True,True,1.0
1598,IL,False,False,0.0
1599,IL,False,False,0.0
1600,IL,False,False,0.0
1601,IL,False,False,0.0
1602,IL,True,True,1.0
1603,IL,False,False,0.0
1604,IL,False,False,0.0
1605,IL,False,False,0.0
1606,IL,False,False,0.0
1607,IL,False,False,0.0
1608,IL,False,False,0.0
1609,IL,True,True,1.0
1610,IL,False,False,0.0
1611,IL,False,False,0.0
1612,IL,True,True,1.0
1613,IL,True,True,1.0
1614,NM,False,False,0.0
1615,IL,False,False,0.0
1616,IL,True,True,1.0
1617,IL,False,False,0.0
1618,IL,False,False,0.0
1619,IL,False,False,0.0
1620,IL,False,False,0.0
1621,IL,False,False,0.0
1622,IL,False,False,0.0
1623,IL,False,False,0.0
1624,IL,False,False,0.0
1625,IL,False,False,0.0
1626,IL,True,True,1.0
1627,IL,True,True,1.0
1628,MI,False,False,0.0
1629,IL,False,False,0.0
1630,IL,False,False,0.0
1631,IL,False,False,0.0
1632,FL,False,False,0.0
1633,FL,True,True,1.0
1634,IL,False,False,0.0
1635,IL,True,True,1.0
1636,IL,False,False,0.0
1637,IL,True,True,1.0
1638,IL,False,False,0.0
1639,IL,False,False,0.0
1640,IL,True,True,1.0
1641,FL,False,False,0.0
1642,CA,True,True,1.0
1643,IL,False,False,0.0
1644,IL,False,False,0.0
1645,IL,True,True,1.0
1646,IL,False,False,0.0
1647,IL,False,False,0.0
1648,IL,False,False,0.0
1649,IL,False,False,0.0
1650,IL,False,False,0.0
1651,IL,False,False,0.0
1652,IL,False,False,0.0
1653,IL,False,False,0.0
1654,IL,True,True,1.0
1655,IL,True,True,1.0
1656,IL,True,True,1.0
1657,IL,False,False,0.0
1658,NM,False,False,0.0
1659,IL,False,False,0.0
1660,IL,True,True,1.0
1661,IL,False,False,0.0
1662,IL,False,False,0.0
1663,IL,False,False,0.0
1664,IL,True,True,1.0
1665,IL,False,False,0.0
1666,IL,False,False,0.0
1667,IL,False,False,0.0
1668,IL,False,False,0.0
1669,IL,True,True,1.0
1670,IL,False,False,0.0
1671,IL,False,False,0.0
1672,IL,False,False,0.0
1673,IL,False,False,0.0
1674,IL,True,True,1.0
1675,IL,False,False,0.0
1676,IL,False,False,0.0
1677,IL,False,False,0.0
1678,IL,False,False,0.0
1679,IL,False,False,0.0
1680,IL,False,False,0.0
1681,IL,False,False,0.0
1682,WI,False,False,0.0
1683,IN,True,True,1.0
1684,IN,False,False,0.0
1685,IN,False,False,0.0
1686,IN,True,True,1.0
1687,IN,False,False,0.0
1688,IN,False,False,0.0
1689,IN,False,False,0.0
1690,IN,False,False,0.0
1691,IN,True,True,1.0
1692,IN,False,False,0.0
1693,IN,True,True,1.0
1694,IN,False,False,0.0
1695,IN,False,False,0.0
1696,IN,False,False,0.0
1697,IN,True,True,1.0
1698,IN,False,False,0.0
1699,IN,False,False,0.0
1700,IN,True,True,1.0
1701,IN,False,False,0.0
1702,IN,False,False,0.0
1703,IN,False,False,0.0
1704,IN,False,False,0.0
1705,IN,False,False,0.0
1706,IN,False,False,0.0
1707,IN,False,False,0.0
1708,IN,False,False,0.0
1709,IN,False,False,0.0
1710,IN,False,False,0.0
1711,IN,False,False,0.0
1712,IN,False,False,0.0
1713,IN,False,False,0.0
1714,IN,False,False,0.0
1715,IN,True,True,1.0
1716,IN,True,True,1.0
1717,IN,False,False,0.0
1718,IN,True,True,1.0
1719,IN,True,True,1.0
1720,IN,True,True,1.0
1721,IN,False,False,0.0
1722,IN,False,False,0.0
1723,IN,False,False,0.0
1724,IN,False,False,0.0
1725,KY,False,False,0.0
1726,KY,False,False,0.0
1727,IN,False,False,0.0
1728,IN,False,False,0.0
1729,IN,True,True,1.0
1730,IN,True,True,1.0
1731,IN,False,False,0.0
1732,CA,False,False,0.0
1733,IN,False,False,0.0
1734,IN,False,False,0.0
1735,IN,True,True,1.0
1736,IN,False,False,0.0
1737,WI,False,False,0.0
1738,IN,False,False,0.0
1739,IN,False,False,0.0
1740,IN,False,False,0.0
1741,IN,False,False,0.0
1742,IN,True,True,1.0
1743,IN,False,False,0.0
1744,IN,False,False,0.0
1745,IN,True,True,1.0
1746,IN,False,False,0.0
1747,IN,False,False,0.0
1748,IN,False,False,0.0
1749,IN,False,False,0.0
1750,IN,True,True,1.0
1751,IN,False,False,0.0
1752,IN,True,True,1.0
1753,IN,False,False,0.0
1754,IA,False,False,0.0
1755,IA,True,True,1.0
1756,IA,True,True,1.0
1757,IA,False,False,0.0
1758,IA,False,False,0.0
1759,IA,False,False,0.0
1760,IA,False,False,0.0
1761,IA,False,False,0.0
1762,IA,False,False,0.0
1763,IA,True,True,1.0
1764,IA,True,True,1.0
1765,IA,False,False,0.0
1766,IA,False,False,0.0
1767,IA,False,False,0.0
1768,IA,False,False,0.0
1769,IA,False,False,0.0
1770,IA,False,False,0.0
1771,MO,True,True,1.0
1772,IA,True,True,1.0
1773,IA,False,False,0.0
1774,IA,False,False,0.0
1775,IA,False,False,0.0
1776,IA,False,False,0.0
1777,IA,False,False,0.0
1778,IA,False,False,0.0
1779,IA,False,False,0.0
1780,IA,False,False,0.0
1781,IA,False,False,0.0
1782,IA,False,False,0.0
1783,IA,False,False,0.0
1784,IA,False,False,0.0
1785,IA,False,False,0.0
1786,IA,False,False,0.0
1787,IA,True,True,1.0
1788,IA,False,False,0.0
1789,IA,False,False,0.0
1790,IA,False,False,0.0
1791,IA,False,False,0.0
1792,IA,False,False,0.0
1793,IA,True,True,1.0
1794,IA,True,True,1.0
1795,IA,False,False,0.0
1796,IA,True,True,1.0
1797,IA,True,True,1.0
1798,IA,False,False,0.0
1799,IA,True,True,1.0
1800,IA,True,True,1.0
1801,IA,False,False,0.0
1802,IA,False,False,0.0
1803,IA,True,True,1.0
1804,FL,False,False,0.0
1805,CA,False,False,0.0
1806,IA,False,False,0.0
1807,IA,True,True,1.0
1808,IA,True,True,1.0
1809,IA,False,False,0.0
1810,IA,False,False,0.0
1811,IA,False,False,0.0
1812,IA,False,False,0.0
1813,IA,True,True,1.0
1814,IA,False,False,0.0
1815,IA,False,False,0.0
1816,KS,False,False,0.0
1817,LA,False,False,0.0
1818,LA,False,False,0.0
1819,OK,False,False,0.0
1820,LA,False,False,0.0
1821,LA,False,False,0.0
1822,IA,True,True,1.0
1823,IA,False,False,0.0
1824,IA,False,False,0.0
1825,IA,False,False,0.0
1826,IA,True,True,1.0
1827,KS,False,False,0.0
1828,KS,False,False,0.0
1829,KS,False,False,0.0
1830,KS,False,False,0.0
1831,KS,True,True,1.0
1832,KS,True,True,1.0
1833,KS,True,True,1.0
1834,KS,False,False,0.0
1835,KS,False,False,0.0
1836,KS,True,True,1.0
1837,KS,True,True,1.0
1838,KS,False,False,0.0
1839,KS,False,False,0.0
1840,KS,False,False,0.0
1841,KS,True,True,1.0
1842,KS,False,False,0.0
1843,KS,False,False,0.0
1844,KS,True,True,1.0
1845,KS,False,False,0.0
1846,KS,False,False,0.0
1847,KS,False,False,0.0
1848,KS,True,True,1.0
1849,KS,False,False,0.0
1850,KS,True,True,1.0
1851,KS,True,True,1.0
1852,KS,False,False,0.0
1853,KS,False,False,0.0
1854,KS,False,False,0.0
1855,MO,False,False,0.0
1856,KS,False,False,0.0
1857,KS,False,False,0.0
1858,KS,True,True,1.0
1859,KS,False,False,0.0
1860,KS,True,True,1.0
1861,KS,False,False,0.0
1862,KS,False,False,0.0
1863,KS,True,True,1.0
1864,KS,True,True,1.0
1865,KS,False,False,0.0
1866,KS,True,True,1.0
1867,KS,True,True,1.0
1868,KS,True,True,1.0
1869,KS,False,False,0.0
1870,KS,False,False,0.0
1871,KS,True,True,1.0
1872,KS,False,False,0.0
1873,KS,True,True,1.0
1874,KS,False,False,0.0
1875,KS,False,False,0.0
1876,KS,False,False,0.0
1877,KS,True,True,1.0
1878,KS,False,False,0.0
1879,KS,False,False,0.0
1880,KS,False,False,0.0
1881,KS,False,False,0.0
1882,KS,False,False,0.0
1883,OK,False,False,0.0
1884,KY,True,True,1.0
1885,KY,False,False,0.0
1886,KY,False,False,0.0
1887,KY,False,False,0.0
1888,IN,False,False,0.0
1889,IN,False,False,0.0
1890,IN,False,False,0.0
1891,KY,False,False,0.0
1892,KY,True,True,1.0
1893,KY,False,False,0.0
1894,KY,False,False,0.0
1895,KY,False,False,0.0
1896,CA,False,False,0.0
1897,KY,True,True,1.0
1898,KY,False,False,0.0
1899,KY,False,False,0.0
1900,KY,True,True,1.0
1901,KY,False,False,0.0
1902,KY,False,False,0.0
1903,KY,True,True,1.0
1904,KY,False,False,0.0
1905,KY,True,True,1.0
1906,KY,False,False,0.0
1907,KY,False,False,0.0
1908,KY,False,False,0.0
1909,KY,False,False,0.0
1910,KY,True,True,1.0
1911,KY,False,False,0.0
1912,KY,False,False,0.0
1913,KY,False,False,0.0
1914,KY,False,False,0.0
1915,KY,True,True,1.0
1916,KY,False,False,0.0
1917,KY,False,False,0.0
1918,KY,False,False,0.0
1919,KY,False,False,0.0
1920,KY,True,True,1.0
1921,KY,True,True,1.0
1922,KY,False,False,0.0
1923,KY,False,False,0.0
1924,KY,False,False,0.0
1925,KY,False,False,0.0
1926,KY,False,False,0.0
1927,KY,False,False,0.0
1928,KY,False,False,0.0
1929,KY,True,True,1.0
1930,KY,False,False,0.0
1931,KY,False,False,0.0
1932,TN,False,False,0.0
1933,WV,False,False,0.0
1934,KY,False,False,0.0
1935,KY,True,True,1.0
1936,KY,True,True,1.0
1937,KY,False,False,0.0
1938,KY,False,False,0.0
1939,KY,False,False,0.0
1940,KY,False,False,0.0
1941,KY,True,True,1.0
1942,KY,False,False,0.0
1943,KY,False,False,0.0
1944,KY,False,False,0.0
1945,KY,False,False,0.0
1946,KY,False,False,0.0
1947,KY,False,False,0.0
1948,KY,True,True,1.0
1949,KY,False,False,0.0
1950,KY,False,False,0.0
1951,KY,False,False,0.0
1952,KY,False,False,0.0
1953,KY,False,False,0.0
1954,KY,False,False,0.0
1955,KY,False,False,0.0
1956,KY,False,False,0.0
1957,KY,False,False,0.0
1958,KY,False,False,0.0
1959,KY,False,False,0.0
1960,KY,False,False,0.0
1961,KY,True,True,1.0
1962,KY,True,True,1.0
1963,KY,True,True,1.0
1964,KY,True,True,1.0
1965,KY,False,False,0.0
1966,KY,True,True,1.0
1967,KY,False,False,0.0
1968,LA,False,False,0.0
1969,LA,False,False,0.0
1970,LA,False,False,0.0
1971,LA,False,False,0.0
1972,LA,False,False,0.0
1973,LA,True,True,1.0
1974,LA,True,True,1.0
1975,LA,False,False,0.0
1976,LA,False,False,0.0
1977,MS,False,False,0.0
1978,LA,True,True,1.0
1979,LA,False,False,0.0
1980,LA,True,True,1.0
1981,LA,False,False,0.0
1982,LA,False,False,0.0
1983,LA,False,False,0.0
1984,LA,False,False,0.0
1985,LA,True,True,1.0
1986,LA,False,False,0.0
1987,LA,True,True,1.0
1988,LA,True,True,1.0
1989,LA,True,True,1.0
1990,LA,True,True,1.0
1991,LA,True,True,1.0
1992,LA,True,True,1.0
1993,LA,False,False,0.0
1994,LA,False,False,0.0
1995,LA,False,False,0.0
1996,FL,False,False,0.0
1997,FL,False,False,0.0
1998,LA,True,True,1.0
1999,LA,True,True,1.0
2000,LA,False,False,0.0
2001,LA,False,False,0.0
2002,LA,True,True,1.0
2003,LA,False,False,0.0
2004,LA,True,True,1.0
2005,LA,False,False,0.0
2006,LA,True,True,1.0
2007,LA,False,False,0.0
2008,LA,False,False,0.0
2009,LA,False,False,0.0
2010,LA,False,False,0.0
2011,LA,False,False,0.0
2012,LA,True,True,1.0
2013,ME,True,True,1.0
2014,ME,True,True,1.0
2015,ME,True,True,1.0
2016,ME,False,False,0.0
2017,ME,False,False,0.0
2018,ME,True,True,1.0
2019,ME,False,False,0.0
2020,ME,False,False,0.0
2021,ME,False,False,0.0
2022,ME,True,True,1.0
2023,ME,False,False,0.0
2024,ME,True,True,1.0
2025,ME,False,False,0.0
2026,ME,False,False,0.0
2027,ME,False,False,0.0
2028,ME,False,False,0.0
2029,ME,True,True,1.0
2030,ME,False,False,0.0
2031,ME,True,True,1.0
2032,ME,False,False,0.0
2033,MD,False,False,0.0
2034,MD,False,False,0.0
2035,MD,False,False,0.0
2036,MD,False,False,0.0
2037,MD,False,False,0.0
2038,MD,True,True,1.0
2039,MD,False,False,0.0
2040,MD,False,False,0.0
2041,MD,False,False,0.0
2042,MD,False,False,0.0
2043,MD,False,False,0.0
2044,MD,False,False,0.0
2045,MD,False,False,0.0
2046,MD,False,False,0.0
2047,MD,False,False,0.0
2048,MD,False,False,0.0
2049,MD,True,True,1.0
2050,MD,False,False,0.0
2051,MD,True,True,1.0
2052,MD,True,True,1.0
2053,MD,True,True,1.0
2054,MD,False,False,0.0
2055,MD,True,True,1.0
2056,MD,False,False,0.0
2057,MD,False,False,0.0
2058,MD,True,True,1.0
2059,MD,True,True,1.0
2060,MD,False,False,0.0
2061,MD,False,False,0.0
2062,MD,False,False,0.0
2063,MD,True,True,1.0
2064,MD,False,False,0.0
2065,MD,False,False,0.0
2066,MD,True,True,1.0
2067,MD,False,False,0.0
2068,MD,False,False,0.0
2069,MD,True,True,1.0
2070,MD,True,True,1.0
2071,MD,True,True,1.0
2072,MD,True,True,1.0
2073,MD,True,True,1.0
2074,MD,False,False,0.0
2075,MD,False,False,0.0
2076,MD,False,False,0.0
2077,MD,True,True,1.0
2078,MD,True,True,1.0
2079,MD,True,True,1.0
2080,MA,False,False,0.0
2081,CA,True,True,1.0
2082,MA,True,True,1.0
2083,MA,False,False,0.0
2084,MA,False,False,0.0
2085,MA,False,False,0.0
2086,MA,True,True,1.0
2087,MA,False,False,0.0
2088,MA,False,False,0.0
2089,MA,False,False,0.0
2090,MA,False,False,0.0
2091,MA,True,True,1.0
2092,MA,True,True,1.0
2093,CA,False,False,0.0
2094,MA,False,False,0.0
2095,MA,False,False,0.0
2096,MA,False,False,0.0
2097,MA,False,False,0.0
2098,MA,False,False,0.0
2099,MA,False,False,0.0
2100,MA,False,False,0.0
2101,MA,True,True,1.0
2102,CA,False,False,0.0
2103,PR,False,False,0.0
2104,MA,False,False,0.0
2105,MA,False,False,0.0
2106,MA,True,True,1.0
2107,MA,True,True,1.0
2108,MA,False,False,0.0
2109,MA,True,True,1.0
2110,FL,False,False,0.0
2111,FL,False,False,0.0
2112,FL,False,False,0.0
2113,FL,False,False,0.0
2114,FL,False,False,0.0
2115,FL,False,False,0.0
2116,FL,False,False,0.0
2117,FL,True,True,1.0
2118,FL,False,False,0.0
2119,FL,False,False,0.0
2120,FL,True,True,1.0
2121,FL,False,False,0.0
2122,FL,False,False,0.0
2123,FL,False,False,0.0
2124,FL,False,False,0.0
2125,FL,False,False,0.0
2126,FL,False,False,0.0
2127,FL,True,True,1.0
2128,FL,False,False,0.0
2129,FL,True,True,1.0
2130,FL,False,False,0.0
2131,FL,True,True,1.0
2132,FL,False,False,0.0
2133,FL,True,True,1.0
2134,FL,False,False,0.0
2135,FL,False,False,0.0
2136,FL,False,False,0.0
2137,FL,True,True,1.0
2138,FL,False,False,0.0
2139,FL,False,False,0.0
2140,FL,False,False,0.0
2141,FL,False,False,0.0
2142,FL,False,False,0.0
2143,FL,False,False,0.0
2144,FL,True,True,1.0
2145,FL,True,True,1.0
2146,FL,False,False,0.0
2147,FL,False,False,0.0
2148,KY,True,True,1.0
2149,OK,False,False,0.0
2150,SC,False,False,0.0
2151,FL,False,False,0.0
2152,NV,True,True,1.0
2153,GA,False,False,0.0
2154,OH,False,False,0.0
2155,NC,False,False,0.0
2156,FL,False,False,0.0
2157,GA,False,False,0.0
2158,FL,False,False,0.0
2159,FL,False,False,0.0
2160,FL,True,True,1.0
2161,FL,False,False,0.0
2162,FL,False,False,0.0
2163,FL,False,False,0.0
2164,FL,False,False,0.0
2165,FL,True,True,1.0
2166,FL,False,False,0.0
2167,FL,True,True,1.0
2168,FL,False,False,0.0
2169,FL,False,False,0.0
2170,FL,False,False,0.0
2171,FL,False,False,0.0
2172,FL,False,False,0.0
2173,FL,True,True,1.0
2174,FL,False,False,0.0
2175,FL,False,False,0.0
2176,FL,False,False,0.0
2177,GA,False,False,0.0
2178,GA,True,True,1.0
2179,GA,False,False,0.0
2180,GA,False,False,0.0
2181,GA,False,False,0.0
2182,GA,False,False,0.0
2183,GA,False,False,0.0
2184,GA,True,True,1.0
2185,GA,False,False,0.0
2186,GA,False,False,0.0
2187,GA,False,False,0.0
2188,GA,True,True,1.0
2189,GA,False,False,0.0
2190,GA,False,False,0.0
2191,GA,False,False,0.0
2192,GA,False,False,0.0
2193,GA,False,False,0.0
2194,GA,False,False,0.0
2195,GA,False,False,0.0
2196,GA,False,False,0.0
2197,GA,False,False,0.0
2198,GA,True,True,1.0
2199,GA,True,True,1.0
2200,GA,False,False,0.0
2201,GA,True,True,1.0
2202,GA,False,False,0.0
2203,GA,False,False,0.0
2204,GA,False,False,0.0
2205,GA,False,False,0.0
2206,GA,False,False,0.0
2207,GA,False,False,0.0
2208,GA,False,False,0.0
2209,GA,False,False,0.0
2210,GA,False,False,0.0
2211,GA,True,True,1.0
2212,GA,True,True,1.0
2213,GA,False,False,0.0
2214,GA,True,True,1.0
2215,GA,True,True,1.0
2216,GA,False,False,0.0
2217,GA,False,False,0.0
2218,GA,True,True,1.0
2219,GA,False,False,0.0
2220,GA,False,False,0.0
2221,GA,False,False,0.0
2222,GA,False,False,0.0
2223,GA,True,True,1.0
2224,GA,True,True,1.0
2225,GA,True,True,1.0
2226,GA,True,True,1.0
2227,GA,True,True,1.0
2228,GA,False,False,0.0
2229,GA,False,False,0.0
2230,GA,False,False,0.0
2231,GA,False,False,0.0
2232,GA,False,False,0.0
2233,GA,False,False,0.0
2234,GA,False,False,0.0
2235,GA,False,False,0.0
2236,GA,True,True,1.0
2237,GA,False,False,0.0
2238,GA,False,False,0.0
2239,GA,False,False,0.0
2240,GA,False,False,0.0
2241,GA,False,False,0.0
2242,GA,False,False,0.0
2243,GA,False,False,0.0
2244,GA,False,False,0.0
2245,GA,False,False,0.0
2246,GA,False,False,0.0
2247,GA,False,False,0.0
2248,GA,True,True,1.0
2249,GA,True,True,1.0
2250,GA,False,False,0.0
2251,GA,True,True,1.0
2252,GA,False,False,0.0
2253,GA,False,False,0.0
2254,GA,False,False,0.0
2255,GA,False,False,0.0
2256,GA,False,False,0.0
2257,GA,False,False,0.0
2258,GA,True,True,1.0
2259,GA,True,True,1.0
2260,GA,False,False,0.0
2261,GA,True,True,1.0
2262,GA,True,True,1.0
2263,GA,False,False,0.0
2264,GA,False,False,0.0
2265,HI,True,True,1.0
2266,HI,False,False,0.0
2267,HI,False,False,0.0
2268,HI,True,True,1.0
2269,HI,True,True,1.0
2270,HI,True,True,1.0
2271,HI,False,False,0.0
2272,HI,True,True,1.0
2273,ID,False,False,0.0
2274,ID,True,True,1.0
2275,ID,True,True,1.0
2276,ID,False,False,0.0
2277,ID,False,False,0.0
2278,ID,False,False,0.0
2279,ID,False,False,0.0
2280,ID,False,False,0.0
2281,ID,False,False,0.0
2282,ID,True,True,1.0
2283,ID,False,False,0.0
2284,ID,True,True,1.0
2285,ID,False,False,0.0
2286,ID,True,True,1.0
2287,ID,False,False,0.0
2288,ID,False,False,0.0
2289,ID,False,False,0.0
2290,IL,False,False,0.0
2291,IL,True,True,1.0
2292,WI,False,False,0.0
2293,IL,False,False,0.0
2294,IL,False,False,0.0
2295,IL,False,False,0.0
2296,IL,False,False,0.0
2297,IL,False,False,0.0
2298,IL,False,False,0.0
2299,IL,False,False,0.0
2300,IL,True,True,1.0
2301,IL,False,False,0.0
2302,IL,False,False,0.0
2303,IL,False,False,0.0
2304,IL,False,False,0.0
2305,IL,True,True,1.0
2306,IL,True,True,1.0
2307,IL,False,False,0.0
2308,IL,False,False,0.0
2309,IL,False,False,0.0
2310,IL,False,False,0.0
2311,IL,True,True,1.0
2312,IL,False,False,0.0
2313,IL,False,False,0.0
2314,IL,True,True,1.0
2315,IL,False,False,0.0
2316,IL,False,False,0.0
2317,IL,True,True,1.0
2318,IL,True,True,1.0
2319,IL,False,False,0.0
2320,IL,False,False,0.0
2321,IL,False,False,0.0
2322,IL,False,False,0.0
2323,IL,False,False,0.0
2324,IL,False,False,0.0
2325,IL,False,False,0.0
2326,IL,False,False,0.0
2327,IL,True,True,1.0
2328,IL,False,False,0.0
2329,IL,False,False,0.0
2330,IL,False,False,0.0
2331,IL,True,True,1.0
2332,IL,True,True,1.0
2333,IL,False,False,0.0
2334,IL,False,False,0.0
2335,IL,False,False,0.0
2336,IL,True,True,1.0
2337,IL,False,False,0.0
2338,IL,False,False,0.0
2339,IL,False,False,0.0
2340,IL,True,True,1.0
2341,IL,False,False,0.0
2342,IL,False,False,0.0
2343,IL,True,True,1.0
2344,IL,False,False,0.0
2345,IL,False,False,0.0
2346,IL,False,False,0.0
2347,IL,False,False,0.0
2348,IL,True,True,1.0
2349,IL,False,False,0.0
2350,NM,False,False,0.0
2351,IL,True,True,1.0
2352,IL,False,False,0.0
2353,IL,False,False,0.0
2354,IL,False,False,0.0
2355,IL,False,False,0.0
2356,IL,True,True,1.0
2357,IL,True,True,1.0
2358,IL,False,False,0.0
2359,IL,False,False,0.0
2360,IL,True,True,1.0
2361,IL,False,False,0.0
2362,IL,False,False,0.0
2363,IL,False,False,0.0
2364,IL,False,False,0.0
2365,IL,True,True,1.0
2366,IL,True,True,1.0
2367,WA,False,False,0.0
2368,IL,False,False,0.0
2369,IL,False,False,0.0
2370,IL,True,True,1.0
2371,IL,True,True,1.0
2372,IL,False,False,0.0
2373,IL,False,False,0.0
2374,IL,True,True,1.0
2375,IL,False,False,0.0
2376,IL,True,True,1.0
2377,DC,False,False,0.0
2378,IL,True,True,1.0
2379,IL,False,False,0.0
2380,IL,False,False,0.0
2381,IL,True,True,1.0
2382,IL,False,False,0.0
2383,IL,True,True,1.0
2384,IL,True,True,1.0
2385,IL,False,False,0.0
2386,IL,False,False,0.0
2387,IL,True,True,1.0
2388,IL,False,False,0.0
2389,IL,False,False,0.0
2390,IL,False,False,0.0
2391,IL,False,False,0.0
2392,IL,True,True,1.0
2393,IL,False,False,0.0
2394,IL,False,False,0.0
2395,IL,False,False,0.0
2396,IL,False,False,0.0
2397,IL,False,False,0.0
2398,IL,False,False,0.0
2399,IL,False,False,0.0
2400,IL,False,False,0.0
2401,IL,True,True,1.0
2402,IL,False,False,0.0
2403,IL,False,False,0.0
2404,IL,False,False,0.0
2405,IL,True,True,1.0
2406,IL,False,False,0.0
2407,IL,False,False,0.0
2408,IL,False,False,0.0
2409,IL,True,True,1.0
2410,IL,True,True,1.0
2411,IL,False,False,0.0
2412,IL,True,True,1.0
2413,IL,True,True,1.0
2414,IL,False,False,0.0
2415,IL,False,False,0.0
2416,IL,False,False,0.0
2417,IL,False,False,0.0
2418,IN,True,True,1.0
2419,IN,True,True,1.0
2420,IN,False,False,0.0
2421,IN,False,False,0.0
2422,IN,True,True,1.0
2423,IN,False,False,0.0
2424,IN,True,True,1.0
2425,IN,True,True,1.0
2426,IN,True,True,1.0
2427,IN,True,True,1.0
2428,IN,False,False,0.0
2429,IN,False,False,0.0
2430,IN,False,False,0.0
2431,IN,False,False,0.0
2432,IN,False,False,0.0
2433,IN,False,False,0.0
2434,IN,False,False,0.0
2435,IN,False,False,0.0
2436,IN,False,False,0.0
2437,IN,False,False,0.0
2438,IN,False,False,0.0
2439,IN,False,False,0.0
2440,IN,False,False,0.0
2441,IN,False,False,0.0
2442,IN,False,False,0.0
2443,IN,False,False,0.0
2444,IN,False,False,0.0
2445,IN,False,False,0.0
2446,IN,False,False,0.0
2447,IN,False,False,0.0
2448,IN,True,True,1.0
2449,IN,False,False,0.0
2450,IN,True,True,1.0
2451,IN,True,True,1.0
2452,IN,False,False,0.0
2453,IN,True,True,1.0
2454,IN,True,True,1.0
2455,IN,False,False,0.0
2456,IN,False,False,0.0
2457,IN,False,False,0.0
2458,IN,False,False,0.0
2459,IN,False,False,0.0
2460,IN,False,False,0.0
2461,KY,False,False,0.0
2462,IN,False,False,0.0
2463,IN,True,True,1.0
2464,IN,False,False,0.0
2465,IN,True,True,1.0
2466,IN,False,False,0.0
2467,IN,False,False,0.0
2468,IN,False,False,0.0
2469,IN,True,True,1.0
2470,IN,False,False,0.0
2471,IN,True,True,1.0
2472,IN,False,False,0.0
2473,IN,False,False,0.0
2474,IN,True,True,1.0
2475,IN,False,False,0.0
2476,IN,True,True,1.0
2477,IN,True,True,1.0
2478,IN,False,False,0.0
2479,MI,False,False,0.0
2480,IN,True,True,1.0
2481,IL,True,True,1.0
2482,IN,False,False,0.0
2483,IN,False,False,0.0
2484,IN,False,False,0.0
2485,IN,True,True,1.0
2486,IN,False,False,0.0
2487,IN,False,False,0.0
2488,IN,False,False,0.0
2489,IA,True,True,1.0
2490,IA,False,False,0.0
2491,IA,False,False,0.0
2492,IA,False,False,0.0
2493,IA,True,True,1.0
2494,IA,True,True,1.0
2495,IA,True,True,1.0
2496,IA,True,True,1.0
2497,IA,True,True,1.0
2498,IA,True,True,1.0
2499,IA,False,False,0.0
2500,IA,False,False,0.0
2501,IA,False,False,0.0
2502,IA,False,False,0.0
2503,IA,False,False,0.0
2504,IA,False,False,0.0
2505,IA,True,True,1.0
2506,IA,True,True,1.0
2507,IA,False,False,0.0
2508,IA,True,True,1.0
2509,IA,True,True,1.0
2510,IA,False,False,0.0
2511,IA,False,False,0.0
2512,IA,False,False,0.0
2513,IA,True,True,1.0
2514,IA,False,False,0.0
2515,IA,False,False,0.0
2516,IA,True,True,1.0
2517,IA,True,True,1.0
2518,IA,False,False,0.0
2519,IA,False,False,0.0
2520,IA,True,True,1.0
2521,IA,False,False,0.0
2522,IA,False,False,0.0
2523,IA,False,False,0.0
2524,IA,False,False,0.0
2525,IA,False,False,0.0
2526,IA,False,False,0.0
2527,IA,False,False,0.0
2528,IA,True,True,1.0
2529,IA,True,True,1.0
2530,IA,True,True,1.0
2531,IA,False,False,0.0
2532,IA,False,False,0.0
2533,IA,False,False,0.0
2534,IA,False,False,0.0
2535,IA,False,False,0.0
2536,IA,False,False,0.0
2537,IA,False,False,0.0
2538,IA,True,True,1.0
2539,IA,False,False,0.0
2540,IA,True,True,1.0
2541,IA,False,False,0.0
2542,IA,True,True,1.0
2543,IA,False,False,0.0
2544,IA,True,True,1.0
2545,IA,True,True,1.0
2546,IA,False,False,0.0
2547,IA,False,False,0.0
2548,IA,False,False,0.0
2549,IA,False,False,0.0
2550,IA,False,False,0.0
2551,IA,False,False,0.0
2552,IA,False,False,0.0
2553,LA,False,False,0.0
2554,IA,False,False,0.0
2555,IA,True,True,1.0
2556,IA,False,False,0.0
2557,IA,False,False,0.0
2558,KS,False,False,0.0
2559,KS,False,False,0.0
2560,KS,True,True,1.0
2561,KS,False,False,0.0
2562,KS,False,False,0.0
2563,KS,False,False,0.0
2564,KS,True,True,1.0
2565,KS,True,True,1.0
2566,KS,True,True,1.0
2567,KS,False,False,0.0
2568,KS,False,False,0.0
2569,KS,False,False,0.0
2570,KS,True,True,1.0
2571,KS,False,False,0.0
2572,KS,True,True,1.0
2573,AZ,False,False,0.0
2574,KS,False,False,0.0
2575,KS,False,False,0.0
2576,KS,True,True,1.0
2577,KS,True,True,1.0
2578,KS,False,False,0.0
2579,KS,False,False,0.0
2580,KS,True,True,1.0
2581,KS,False,False,0.0
2582,KS,False,False,0.0
2583,KS,True,True,1.0
2584,KS,False,False,0.0
2585,KS,False,False,0.0
2586,KS,False,False,0.0
2587,KS,True,True,1.0
2588,KS,False,False,0.0
2589,KS,True,True,1.0
2590,KS,True,True,1.0
2591,KS,False,False,0.0
2592,KS,True,True,1.0
2593,KS,False,False,0.0
2594,KS,False,False,0.0
2595,MO,False,False,0.0
2596,KS,True,True,1.0
2597,KS,False,False,0.0
2598,KS,False,False,0.0
2599,KS,False,False,0.0
2600,KS,False,False,0.0
2601,KS,False,False,0.0
2602,KS,False,False,0.0
2603,KS,False,False,0.0
2604,KS,True,True,1.0
2605,KS,False,False,0.0
2606,KS,True,True,1.0
2607,KS,True,True,1.0
2608,KS,False,False,0.0
2609,KS,True,True,1.0
2610,KS,True,True,1.0
2611,KS,False,False,0.0
2612,KS,False,False,0.0
2613,KS,False,False,0.0
2614,KS,False,False,0.0
2615,MO,False,False,0.0
2616,KY,False,False,0.0
2617,TN,False,False,0.0
2618,OK,True,True,1.0
2619,KY,True,True,1.0
2620,KY,True,True,1.0
2621,KY,True,True,1.0
2622,KY,False,False,0.0
2623,KY,True,True,1.0
2624,IN,False,False,0.0
2625,KY,False,False,0.0
2626,KY,False,False,0.0
2627,KY,False,False,0.0
2628,KY,False,False,0.0
2629,KY,True,True,1.0
2630,KY,False,False,0.0
2631,KY,False,False,0.0
2632,KY,False,False,0.0
2633,KY,False,False,0.0
2634,KY,False,False,0.0
2635,KY,False,False,0.0
2636,KY,False,False,0.0
2637,KY,False,False,0.0
2638,KY,False,False,0.0
2639,KY,False,False,0.0
2640,KY,False,False,0.0
2641,KY,True,True,1.0
2642,KY,False,False,0.0
2643,KY,False,False,0.0
2644,KY,False,False,0.0
2645,KY,False,False,0.0
2646,KY,True,True,1.0
2647,KY,True,True,1.0
2648,KY,False,False,0.0
2649,KY,False,False,0.0
2650,KY,False,False,0.0
2651,KY,True,True,1.0
2652,KY,True,True,1.0
2653,KY,False,False,0.0
2654,KY,False,False,0.0
2655,KY,True,True,1.0
2656,KY,False,False,0.0
2657,KY,False,False,0.0
2658,KY,False,False,0.0
2659,OH,False,False,0.0
2660,KY,False,False,0.0
2661,KY,False,False,0.0
2662,VA,False,False,0.0
2663,KY,False,False,0.0
2664,KY,True,True,1.0
2665,KY,False,False,0.0
2666,KY,False,False,0.0
2667,KY,False,False,0.0
2668,KY,True,True,1.0
2669,KY,False,False,0.0
2670,KY,False,False,0.0
2671,KY,False,False,0.0
2672,KY,False,False,0.0
2673,KY,False,False,0.0
2674,KY,False,False,0.0
2675,KY,False,False,0.0
2676,KY,True,True,1.0
2677,KY,False,False,0.0
2678,KY,False,False,0.0
2679,KY,False,False,0.0
2680,KY,False,False,0.0
2681,KY,False,False,0.0
2682,KY,False,False,0.0
2683,KY,False,False,0.0
2684,KY,False,False,0.0
2685,KY,False,False,0.0
2686,KY,True,True,1.0
2687,KY,True,True,1.0
2688,KY,False,False,0.0
2689,KY,False,False,0.0
2690,KY,False,False,0.0
2691,KY,True,True,1.0
2692,KY,True,True,1.0
2693,KY,False,False,0.0
2694,KY,False,False,0.0
2695,LA,False,False,0.0
2696,LA,False,False,0.0
2697,LA,False,False,0.0
2698,LA,False,False,0.0
2699,LA,False,False,0.0
2700,NV,False,False,0.0
2701,LA,False,False,0.0
2702,LA,True,True,1.0
2703,LA,False,False,0.0
2704,LA,True,True,1.0
2705,LA,False,False,0.0
2706,LA,False,False,0.0
2707,LA,True,True,1.0
2708,LA,True,True,1.0
2709,LA,True,True,1.0
2710,LA,True,True,1.0
2711,LA,False,False,0.0
2712,LA,False,False,0.0
2713,LA,False,False,0.0
2714,LA,True,True,1.0
2715,LA,True,True,1.0
2716,LA,True,True,1.0
2717,LA,True,True,1.0
2718,LA,True,True,1.0
2719,LA,False,False,0.0
2720,LA,False,False,0.0
2721,LA,True,True,1.0
2722,LA,True,True,1.0
2723,LA,False,False,0.0
2724,LA,False,False,0.0
2725,LA,False,False,0.0
2726,LA,False,False,0.0
2727,LA,True,True,1.0
2728,LA,False,False,0.0
2729,NC,False,False,0.0
2730,TX,False,False,0.0
2731,LA,False,False,0.0
2732,GA,False,False,0.0
2733,AL,False,False,0.0
2734,TX,False,False,0.0
2735,TX,False,False,0.0
2736,LA,False,False,0.0
2737,LA,False,False,0.0
2738,LA,False,False,0.0
2739,LA,False,False,0.0
2740,LA,False,False,0.0
2741,LA,False,False,0.0
2742,LA,True,True,1.0
2743,LA,False,False,0.0
2744,LA,True,True,1.0
2745,LA,True,True,1.0
2746,LA,True,True,1.0
2747,LA,False,False,0.0
2748,ME,False,False,0.0
2749,ME,False,False,0.0
2750,ME,True,True,1.0
2751,ME,False,False,0.0
2752,ME,True,True,1.0
2753,ME,False,False,0.0
2754,ME,True,True,1.0
2755,ME,False,False,0.0
2756,ME,False,False,0.0
2757,ME,False,False,0.0
2758,ME,False,False,0.0
2759,ME,True,True,1.0
2760,ME,True,True,1.0
2761,ME,False,False,0.0
2762,ME,False,False,0.0
2763,ME,False,False,0.0
2764,ME,False,False,0.0
2765,ME,False,False,0.0
2766,ME,True,True,1.0
2767,ME,False,False,0.0
2768,ME,True,True,1.0
2769,ME,True,True,1.0
2770,MD,False,False,0.0
2771,MD,False,False,0.0
2772,MD,False,False,0.0
2773,MD,True,True,1.0
2774,MD,False,False,0.0
2775,MD,False,False,0.0
2776,MD,True,True,1.0
2777,MD,True,True,1.0
2778,MD,True,True,1.0
2779,MD,False,False,0.0
2780,MD,True,True,1.0
2781,MD,False,False,0.0
2782,MD,True,True,1.0
2783,MD,True,True,1.0
2784,MD,False,False,0.0
2785,MD,True,True,1.0
2786,DC,False,False,0.0
2787,MD,True,True,1.0
2788,MD,False,False,0.0
2789,MD,True,True,1.0
2790,MD,False,False,0.0
2791,MD,False,False,0.0
2792,MD,False,False,0.0
2793,MD,False,False,0.0
2794,MD,False,False,0.0
2795,MD,True,True,1.0
2796,MD,True,True,1.0
2797,MD,False,False,0.0
2798,MD,False,False,0.0
2799,MD,False,False,0.0
2800,MD,True,True,1.0
2801,MD,True,True,1.0
2802,MD,False,False,0.0
2803,MD,False,False,0.0
2804,MD,False,False,0.0
2805,MD,True,True,1.0
2806,MD,False,False,0.0
2807,MD,False,False,0.0
2808,MD,False,False,0.0
2809,MD,False,False,0.0
2810,MD,True,True,1.0
2811,NY,False,False,0.0
2812,MA,True,True,1.0
2813,MA,True,True,1.0
2814,MA,False,False,0.0
2815,MA,True,True,1.0
2816,MA,True,True,1.0
2817,MA,False,False,0.0
2818,FL,False,False,0.0
2819,MA,False,False,0.0
2820,MA,True,True,1.0
2821,MA,True,True,1.0
2822,MA,False,False,0.0
2823,MA,False,False,0.0
2824,MA,True,True,1.0
2825,MA,False,False,0.0
2826,MA,False,False,0.0
2827,MA,False,False,0.0
2828,MA,True,True,1.0
2829,MA,True,True,1.0
2830,MA,False,False,0.0
2831,MA,False,False,0.0
2832,MA,False,False,0.0
2833,MA,False,False,0.0
2834,MA,False,False,0.0
2835,MA,False,False,0.0
2836,MA,True,True,1.0
2837,MA,True,True,1.0
2838,MA,True,True,1.0
2839,MA,False,False,0.0
2840,MA,True,True,1.0
2841,MA,False,False,0.0
2842,NC,False,False,0.0
2843,MA,False,False,0.0
2844,MA,False,False,0.0
2845,MA,False,False,0.0
2846,MA,True,True,1.0
2847,MA,True,True,1.0
2848,MA,False,False,0.0
2849,MA,False,False,0.0
2850,MA,False,False,0.0
2851,MA,False,False,0.0
2852,MA,True,True,1.0
2853,MA,True,True,1.0
2854,MA,True,True,1.0
2855,MA,False,False,0.0
2856,MA,True,True,1.0
2857,MA,False,False,0.0
2858,MA,True,True,1.0
2859,MA,False,False,0.0
2860,MA,False,False,0.0
2861,MA,True,True,1.0
2862,MA,True,True,1.0
2863,MA,True,True,1.0
2864,MA,False,False,0.0
2865,MA,False,False,0.0
2866,MA,False,False,0.0
2867,MA,True,True,1.0
2868,MA,False,False,0.0
2869,MA,True,True,1.0
2870,MA,True,True,1.0
2871,MA,True,True,1.0
2872,MA,False,False,0.0
2873,MA,False,False,0.0
2874,MA,False,False,0.0
2875,MA,False,False,0.0
2876,MA,True,True,1.0
2877,MA,True,True,1.0
2878,MA,False,False,0.0
2879,MA,True,True,1.0
2880,WA,True,True,1.0
2881,CA,True,True,1.0
2882,MA,False,False,0.0
2883,MA,False,False,0.0
2884,MA,False,False,0.0
2885,MA,True,True,1.0
2886,MA,False,False,0.0
2887,MA,True,True,1.0
2888,MA,False,False,0.0
2889,MA,False,False,0.0
2890,MA,False,False,0.0
2891,MA,False,False,0.0
2892,MA,False,False,0.0
2893,MA,False,False,0.0
2894,MA,True,True,1.0
2895,MA,True,True,1.0
2896,MA,True,True,1.0
2897,MI,False,False,0.0
2898,MI,True,True,1.0
2899,MI,False,False,0.0
2900,MI,False,False,0.0
2901,MI,True,True,1.0
2902,MI,False,False,0.0
2903,MI,True,True,1.0
2904,MI,False,False,0.0
2905,MI,False,False,0.0
2906,MI,False,False,0.0
2907,MI,False,False,0.0
2908,MI,False,False,0.0
2909,MI,False,False,0.0
2910,MI,False,False,0.0
2911,MI,True,True,1.0
2912,MI,False,False,0.0
2913,MI,False,False,0.0
2914,MI,False,False,0.0
2915,MI,False,False,0.0
2916,GA,False,False,0.0
2917,CA,False,False,0.0
2918,HI,False,False,0.0
2919,KS,False,False,0.0
2920,KS,False,False,0.0
2921,NJ,False,False,0.0
2922,OH,False,False,0.0
2923,VA,False,False,0.0
2924,VA,False,False,0.0
2925,MI,False,False,0.0
2926,MI,False,False,0.0
2927,MI,False,False,0.0
2928,MI,True,True,1.0
2929,MI,True,True,1.0
2930,MI,False,False,0.0
2931,MI,False,False,0.0
2932,MI,False,False,0.0
2933,MI,False,False,0.0
2934,MI,True,True,1.0
2935,MI,False,False,0.0
2936,MI,False,False,0.0
2937,MI,False,False,0.0
2938,MI,False,False,0.0
2939,MI,True,True,1.0
2940,MI,False,False,0.0
2941,MI,True,True,1.0
2942,MI,False,False,0.0
2943,MI,True,True,1.0
2944,MI,False,False,0.0
2945,MI,False,False,0.0
2946,MI,True,True,1.0
2947,MI,False,False,0.0
2948,MI,False,False,0.0
2949,MI,False,False,0.0
2950,MI,True,True,1.0
2951,MI,False,False,0.0
2952,MI,True,True,1.0
2953,MI,True,True,1.0
2954,MI,False,False,0.0
2955,MI,False,False,0.0
2956,MI,False,False,0.0
2957,MI,False,False,0.0
2958,MI,False,False,0.0
2959,MI,False,False,0.0
2960,MI,False,False,0.0
2961,MI,False,False,0.0
2962,MI,False,False,0.0
2963,MI,False,False,0.0
2964,MI,True,True,1.0
2965,MI,False,False,0.0
2966,MI,True,True,1.0
2967,MI,False,False,0.0
2968,MI,True,True,1.0
2969,MI,False,False,0.0
2970,MI,True,True,1.0
2971,MI,False,False,0.0
2972,MI,False,False,0.0
2973,MI,False,False,0.0
2974,MI,False,False,0.0
2975,MI,False,False,0.0
2976,MI,False,False,0.0
2977,MI,False,False,0.0
2978,MI,False,False,0.0
2979,MI,False,False,0.0
2980,MI,True,True,1.0
2981,MI,False,False,0.0
2982,MI,False,False,0.0
2983,MI,False,False,0.0
2984,MI,False,False,0.0
2985,MI,False,False,0.0
2986,MI,False,False,0.0
2987,MI,False,False,0.0
2988,MI,False,False,0.0
2989,MI,True,True,1.0
2990,MI,False,False,0.0
2991,MI,True,True,1.0
2992,MI,False,False,0.0
2993,MI,False,False,0.0
2994,MI,False,False,0.0
2995,MI,False,False,0.0
2996,MI,False,False,0.0
2997,MI,False,False,0.0
2998,MI,True,True,1.0
2999,MI,True,True,1.0
3000,MI,False,False,0.0
3001,MI,False,False,0.0
3002,MI,False,False,0.0
3003,MI,False,False,0.0
3004,MI,False,False,0.0
3005,MI,False,False,0.0
3006,MI,True,True,1.0
3007,MI,False,False,0.0
3008,MI,False,False,0.0
3009,MI,False,False,0.0
3010,MI,False,False,0.0
3011,MI,False,False,0.0
3012,MI,False,False,0.0
3013,MI,False,False,0.0
3014,MI,False,False,0.0
3015,MI,False,False,0.0
3016,MI,False,False,0.0
3017,MI,False,False,0.0
3018,MI,False,False,0.0
3019,MI,False,False,0.0
3020,MI,False,False,0.0
3021,MI,True,True,1.0
3022,MI,True,True,1.0
3023,MI,True,True,1.0
3024,MI,False,False,0.0
3025,MI,False,False,0.0
3026,MI,True,True,1.0
3027,MN,False,False,0.0
3028,MN,False,False,0.0
3029,MN,False,False,0.0
3030,MN,True,True,1.0
3031,MN,False,False,0.0
3032,MN,False,False,0.0
3033,MN,True,True,1.0
3034,MN,False,False,0.0
3035,MN,False,False,0.0
3036,MN,False,False,0.0
3037,MN,False,False,0.0
3038,MN,True,True,1.0
3039,MN,True,True,1.0
3040,MN,False,False,0.0
3041,MN,False,False,0.0
3042,MN,False,False,0.0
3043,MN,False,False,0.0
3044,MN,False,False,0.0
3045,MN,False,False,0.0
3046,MN,False,False,0.0
3047,MN,True,True,1.0
3048,MN,False,False,0.0
3049,MN,False,False,0.0
3050,MN,False,False,0.0
3051,MN,True,True,1.0
3052,FL,True,True,1.0
3053,AZ,True,True,1.0
3054,MN,False,False,0.0
3055,MN,True,True,1.0
3056,MN,False,False,0.0
3057,MN,True,True,1.0
3058,MN,False,False,0.0
3059,MN,True,True,1.0
3060,MN,True,True,1.0
3061,MN,False,False,0.0
3062,MN,True,True,1.0
3063,MN,True,True,1.0
3064,MN,False,False,0.0
3065,MN,True,True,1.0
3066,MN,False,False,0.0
3067,MN,True,True,1.0
3068,MN,False,False,0.0
3069,MN,True,True,1.0
3070,MN,True,True,1.0
3071,MN,True,True,1.0
3072,MN,False,False,0.0
3073,MN,True,True,1.0
3074,MN,False,False,0.0
3075,MN,False,False,0.0
3076,MN,True,True,1.0
3077,MN,True,True,1.0
3078,MN,False,False,0.0
3079,MN,False,False,0.0
3080,MN,False,False,0.0
3081,MN,True,True,1.0
3082,MS,False,False,0.0
3083,MS,False,False,0.0
3084,MS,True,True,1.0
3085,MS,True,True,1.0
3086,MS,True,True,1.0
3087,MS,True,True,1.0
3088,MS,True,True,1.0
3089,MS,False,False,0.0
3090,MS,False,False,0.0
3091,MS,False,False,0.0
3092,MS,False,False,0.0
3093,MS,True,True,1.0
3094,MS,True,True,1.0
3095,MS,False,False,0.0
3096,MS,False,False,0.0
3097,MS,False,False,0.0
3098,MS,True,True,1.0
3099,MS,True,True,1.0
3100,MS,True,True,1.0
3101,MS,True,True,1.0
3102,MS,True,True,1.0
3103,MS,False,False,0.0
3104,MS,True,True,1.0
3105,MS,False,False,0.0
3106,MS,False,False,0.0
3107,MS,False,False,0.0
3108,MS,True,True,1.0
3109,MS,False,False,0.0
3110,MS,False,False,0.0
3111,MS,False,False,0.0
3112,MS,False,False,0.0
3113,MS,False,False,0.0
3114,MS,False,False,0.0
3115,MS,True,True,1.0
3116,MS,True,True,1.0
3117,MS,False,False,0.0
3118,MS,True,True,1.0
3119,MS,False,False,0.0
3120,MO,True,True,1.0
3121,MO,False,False,0.0
3122,MO,False,False,0.0
3123,MO,False,False,0.0
3124,MO,False,False,0.0
3125,MO,True,True,1.0
3126,MO,True,True,1.0
3127,MO,False,False,0.0
3128,MO,True,True,1.0
3129,AL,False,False,0.0
3130,CA,False,False,0.0
3131,CO,True,True,1.0
3132,MA,False,False,0.0
3133,MA,False,False,0.0
3134,CA,True,True,1.0
3135,MA,False,False,0.0
3136,MA,False,False,0.0
3137,MA,True,True,1.0
3138,MA,True,True,1.0
3139,MA,False,False,0.0
3140,FL,False,False,0.0
3141,MA,True,True,1.0
3142,MA,False,False,0.0
3143,MA,True,True,1.0
3144,MA,False,False,0.0
3145,MA,True,True,1.0
3146,MA,False,False,0.0
3147,MA,False,False,0.0
3148,MA,True,True,1.0
3149,MA,False,False,0.0
3150,MA,False,False,0.0
3151,MA,True,True,1.0
3152,NH,False,False,0.0
3153,MA,True,True,1.0
3154,MA,False,False,0.0
3155,MA,False,False,0.0
3156,MA,False,False,0.0
3157,MA,False,False,0.0
3158,MA,False,False,0.0
3159,MA,False,False,0.0
3160,MA,False,False,0.0
3161,MA,True,True,1.0
3162,MA,False,False,0.0
3163,MA,True,True,1.0
3164,MA,False,False,0.0
3165,MA,False,False,0.0
3166,MA,False,False,0.0
3167,MA,False,False,0.0
3168,NC,False,False,0.0
3169,MA,False,False,0.0
3170,MA,False,False,0.0
3171,MA,False,False,0.0
3172,MA,False,False,0.0
3173,MA,False,False,0.0
3174,MA,False,False,0.0
3175,CT,False,False,0.0
3176,MA,False,False,0.0
3177,MA,False,False,0.0
3178,MA,False,False,0.0
3179,MA,True,True,1.0
3180,MA,True,True,1.0
3181,MA,True,True,1.0
3182,MA,True,True,1.0
3183,MA,True,True,1.0
3184,MA,True,True,1.0
3185,MA,False,False,0.0
3186,MA,True,True,1.0
3187,MA,True,True,1.0
3188,MA,True,True,1.0
3189,MA,True,True,1.0
3190,MA,True,True,1.0
3191,MA,True,True,1.0
3192,MA,True,True,1.0
3193,CT,False,False,0.0
3194,MA,True,True,1.0
3195,MA,True,True,1.0
3196,MI,False,False,0.0
3197,MI,False,False,0.0
3198,MI,False,False,0.0
3199,MI,False,False,0.0
3200,MI,True,True,1.0
3201,MI,False,False,0.0
3202,MI,True,True,1.0
3203,MI,True,True,1.0
3204,MI,False,False,0.0
3205,MI,True,True,1.0
3206,MI,False,False,0.0
3207,MI,False,False,0.0
3208,MI,False,False,0.0
3209,HI,False,False,0.0
3210,LA,False,False,0.0
3211,MD,False,False,0.0
3212,NY,False,False,0.0
3213,NC,False,False,0.0
3214,VA,False,False,0.0
3215,VA,False,False,0.0
3216,VA,False,False,0.0
3217,MI,False,False,0.0
3218,GA,False,False,0.0
3219,MI,False,False,0.0
3220,MI,False,False,0.0
3221,MI,False,False,0.0
3222,MI,False,False,0.0
3223,MI,True,True,1.0
3224,MI,False,False,0.0
3225,MI,True,True,1.0
3226,MI,False,False,0.0
3227,MI,False,False,0.0
3228,MI,False,False,0.0
3229,MI,False,False,0.0
3230,MI,True,True,1.0
3231,MI,False,False,0.0
3232,MI,False,False,0.0
3233,TX,True,True,1.0
3234,MI,False,False,0.0
3235,MI,False,False,0.0
3236,MI,False,False,0.0
3237,MI,False,False,0.0
3238,MI,True,True,1.0
3239,MI,False,False,0.0
3240,MI,False,False,0.0
3241,MI,False,False,0.0
3242,MI,False,False,0.0
3243,MI,False,False,0.0
3244,MI,False,False,0.0
3245,MI,False,False,0.0
3246,MI,False,False,0.0
3247,MI,False,False,0.0
3248,MI,True,True,1.0
3249,MI,False,False,0.0
3250,MI,True,True,1.0
3251,MI,False,False,0.0
3252,MI,False,False,0.0
3253,MI,False,False,0.0
3254,MI,False,False,0.0
3255,MI,False,False,0.0
3256,MI,False,False,0.0
3257,MI,False,False,0.0
3258,MI,False,False,0.0
3259,MI,False,False,0.0
3260,MI,False,False,0.0
3261,MI,False,False,0.0
3262,MI,True,True,1.0
3263,MI,False,False,0.0
3264,MI,False,False,0.0
3265,MI,False,False,0.0
3266,MI,True,True,1.0
3267,MI,False,False,0.0
3268,MI,False,False,0.0
3269,MI,False,False,0.0
3270,MI,False,False,0.0
3271,MI,True,True,1.0
3272,MI,True,True,1.0
3273,MI,False,False,0.0
3274,MI,False,False,0.0
3275,MI,False,False,0.0
3276,MI,True,True,1.0
3277,MI,False,False,0.0
3278,MI,False,False,0.0
3279,MI,False,False,0.0
3280,MI,False,False,0.0
3281,MI,False,False,0.0
3282,MI,False,False,0.0
3283,MI,False,False,0.0
3284,MI,True,True,1.0
3285,MI,False,False,0.0
3286,MI,False,False,0.0
3287,MI,False,False,0.0
3288,MI,False,False,0.0
3289,MI,False,False,0.0
3290,MI,False,False,0.0
3291,MI,False,False,0.0
3292,MI,False,False,0.0
3293,MI,False,False,0.0
3294,FL,False,False,0.0
3295,IN,False,False,0.0
3296,MI,False,False,0.0
3297,MI,False,False,0.0
3298,MI,True,True,1.0
3299,MI,False,False,0.0
3300,MI,True,True,1.0
3301,MI,False,False,0.0
3302,MI,False,False,0.0
3303,MI,False,False,0.0
3304,MI,False,False,0.0
3305,MI,False,False,0.0
3306,MI,True,True,1.0
3307,MI,False,False,0.0
3308,MN,False,False,0.0
3309,MN,False,False,0.0
3310,MN,True,True,1.0
3311,MN,False,False,0.0
3312,MN,True,True,1.0
3313,MN,True,True,1.0
3314,MN,False,False,0.0
3315,MN,False,False,0.0
3316,MN,True,True,1.0
3317,MN,True,True,1.0
3318,MN,True,True,1.0
3319,MN,True,True,1.0
3320,MN,True,True,1.0
3321,MN,False,False,0.0
3322,MN,False,False,0.0
3323,MN,False,False,0.0
3324,MN,False,False,0.0
3325,MN,False,False,0.0
3326,MN,True,True,1.0
3327,MN,False,False,0.0
3328,MN,False,False,0.0
3329,MN,True,True,1.0
3330,MN,True,True,1.0
3331,MN,False,False,0.0
3332,MN,False,False,0.0
3333,MN,True,True,1.0
3334,MN,False,False,0.0
3335,MN,False,False,0.0
3336,MN,False,False,0.0
3337,MN,True,True,1.0
3338,MN,True,True,1.0
3339,MN,True,True,1.0
3340,MN,True,True,1.0
3341,MN,True,True,1.0
3342,MN,False,False,0.0
3343,MN,True,True,1.0
3344,MN,True,True,1.0
3345,MN,False,False,0.0
3346,MN,True,True,1.0
3347,MN,False,False,0.0
3348,MN,False,False,0.0
3349,MN,False,False,0.0
3350,MN,False,False,0.0
3351,MN,True,True,1.0
3352,MN,True,True,1.0
3353,MN,True,True,1.0
3354,MN,True,True,1.0
3355,MN,True,True,1.0
3356,MN,True,True,1.0
3357,MN,True,True,1.0
3358,MN,False,False,0.0
3359,MN,False,False,0.0
3360,MN,False,False,0.0
3361,MN,False,False,0.0
3362,MN,True,True,1.0
3363,MN,True,True,1.0
3364,MN,False,False,0.0
3365,MN,True,True,1.0
3366,MN,False,False,0.0
3367,MN,True,True,1.0
3368,MN,True,True,1.0
3369,MN,False,False,0.0
3370,MS,True,True,1.0
3371,MS,False,False,0.0
3372,MS,False,False,0.0
3373,MS,False,False,0.0
3374,MS,True,True,1.0
3375,MS,False,False,0.0
3376,MS,True,True,1.0
3377,MS,False,False,0.0
3378,MS,True,True,1.0
3379,MS,True,True,1.0
3380,MS,False,False,0.0
3381,MS,True,True,1.0
3382,MS,False,False,0.0
3383,MS,False,False,0.0
3384,MS,False,False,0.0
3385,MS,True,True,1.0
3386,MS,True,True,1.0
3387,MS,False,False,0.0
3388,MS,True,True,1.0
3389,MS,False,False,0.0
3390,MS,False,False,0.0
3391,MS,True,True,1.0
3392,MS,False,False,0.0
3393,MS,False,False,0.0
3394,MS,True,True,1.0
3395,MS,False,False,0.0
3396,MS,True,True,1.0
3397,MS,True,True,1.0
3398,MS,True,True,1.0
3399,MS,True,True,1.0
3400,MS,False,False,0.0
3401,MO,False,False,0.0
3402,MO,True,True,1.0
3403,MO,False,False,0.0
3404,MO,False,False,0.0
3405,MO,False,False,0.0
3406,MO,True,True,1.0
3407,MO,False,False,0.0
3408,KS,False,False,0.0
